Start,Finish,Count,Bitmask,SignificantBitmask,IsMilitary,CountryISO2
000000,7FFFFF,8388608,000000,800000,0,ZZ
004000,0043FF,1024,004000,FFFC00,0,ZW
006000,006FFF,4096,006000,FFF000,0,MZ
008000,00FFFF,32768,008000,FF8000,0,ZA
010000,017FFF,32768,010000,FF8000,0,EG
010070,01007F,16,010070,FFFFF0,1,EG
010070,010071,2,010070,FFFFFE,0,EG
010080,01008F,16,010080,FFFFF0,1,EG
01008E,01008F,2,01008E,FFFFFE,0,EG
01012C,01012C,1,01012C,FFFFFF,1,EG
010178,010178,1,010178,FFFFFF,1,EG
018000,01FFFF,32768,018000,FF8000,0,LY
0183EB,0183EB,1,0183EB,FFFFFF,1,LY
020000,027FFF,32768,020000,FF8000,0,MA
020031,020031,1,020031,FFFFFF,1,MA
020037,020037,1,020037,FFFFFF,1,MA
020038,020038,1,020038,FFFFFF,1,MA
020039,020039,1,020039,FFFFFF,1,MA
02003A,02003A,1,02003A,FFFFFF,1,MA
02003B,02003B,1,02003B,FFFFFF,1,MA
02003C,02003C,1,02003C,FFFFFF,1,MA
02003E,02003E,1,02003E,FFFFFF,1,MA
020041,020041,1,020041,FFFFFF,1,MA
020046,020046,1,020046,FFFFFF,1,MA
02004B,02004B,1,02004B,FFFFFF,1,MA
02004C,02004C,1,02004C,FFFFFF,1,MA
02004D,02004D,1,02004D,FFFFFF,1,MA
02004E,02004E,1,02004E,FFFFFF,1,MA
02005D,02005D,1,02005D,FFFFFF,1,MA
02005E,02005E,1,02005E,FFFFFF,1,MA
0200A0,0200A0,1,0200A0,FFFFFF,1,MA
0200A2,0200A2,1,0200A2,FFFFFF,1,MA
0200A3,0200A3,1,0200A3,FFFFFF,1,MA
0200A5,0200A5,1,0200A5,FFFFFF,1,MA
0200A8,0200A8,1,0200A8,FFFFFF,1,MA
0200AB,0200AB,1,0200AB,FFFFFF,1,MA
0200AC,0200AC,1,0200AC,FFFFFF,1,MA
0200B0,0200BF,16,0200B0,FFFFF0,1,MA
0200C0,0200C7,8,0200C0,FFFFF8,1,MA
0200C9,0200C9,1,0200C9,FFFFFF,1,MA
0200CC,0200CC,1,0200CC,FFFFFF,1,MA
028000,02FFFF,32768,028000,FF8000,0,TN
02B261,02B261,1,02B261,FFFFFF,1,TN
030000,0303FF,1024,030000,FFFC00,0,BW
030012,030012,1,030012,FFFFFF,1,BW
03001A,03001A,1,03001A,FFFFFF,1,BW
032000,032FFF,4096,032000,FFF000,0,BI
034000,034FFF,4096,034000,FFF000,0,CM
034443,034443,1,034443,FFFFFF,1,CM
034445,034445,1,034445,FFFFFF,1,CM
035000,0353FF,1024,035000,FFFC00,0,KM
036000,036FFF,4096,036000,FFF000,0,CG
038000,038FFF,4096,038000,FFF000,0,CI
03E000,03EFFF,4096,03E000,FFF000,0,GA
040000,040FFF,4096,040000,FFF000,0,ET
042000,042FFF,4096,042000,FFF000,0,GQ
044000,044FFF,4096,044000,FFF000,0,GH
046000,046FFF,4096,046000,FFF000,0,GN
048000,0483FF,1024,048000,FFFC00,0,GW
04A000,04A3FF,1024,04A000,FFFC00,0,LS
04C000,04CFFF,4096,04C000,FFF000,0,KE
050000,050FFF,4096,050000,FFF000,0,LR
054000,054FFF,4096,054000,FFF000,0,MG
058000,058FFF,4096,058000,FFF000,0,MW
05A000,05A3FF,1024,05A000,FFFC00,0,MV
05C000,05CFFF,4096,05C000,FFF000,0,ML
05E000,05E3FF,1024,05E000,FFFC00,0,MR
060000,0603FF,1024,060000,FFFC00,0,MU
062000,062FFF,4096,062000,FFF000,0,NE
064000,064FFF,4096,064000,FFF000,0,NG
064051,064051,1,064051,FFFFFF,1,NG
0640F0,0640F0,1,0640F0,FFFFFF,1,NG
0640F1,0640F1,1,0640F1,FFFFFF,1,NG
0640F2,0640F2,1,0640F2,FFFFFF,1,NG
068000,068FFF,4096,068000,FFF000,0,UG
06A000,06A3FF,1024,06A000,FFFC00,0,QA
06A0D9,06A0D9,1,06A0D9,FFFFFF,1,QA
06A0DA,06A0DA,1,06A0DA,FFFFFF,1,QA
06A248,06A248,1,06A248,FFFFFF,1,QA
06A249,06A249,1,06A249,FFFFFF,1,QA
06A24A,06A24A,1,06A24A,FFFFFF,1,QA
06A24B,06A24B,1,06A24B,FFFFFF,1,QA
06A24C,06A24C,1,06A24C,FFFFFF,1,QA
06A24D,06A24D,1,06A24D,FFFFFF,1,QA
06A255,06A255,1,06A255,FFFFFF,1,QA
06A256,06A256,1,06A256,FFFFFF,1,QA
06C000,06CFFF,4096,06C000,FFF000,0,CF
06E000,06EFFF,4096,06E000,FFF000,0,RW
070000,070FFF,4096,070000,FFF000,0,SN
074000,0743FF,1024,074000,FFFC00,0,SC
076000,0763FF,1024,076000,FFFC00,0,SL
078000,078FFF,4096,078000,FFF000,0,SO
07A000,07A3FF,1024,07A000,FFFC00,0,SZ
07C000,07CFFF,4096,07C000,FFF000,0,SD
080000,080FFF,4096,080000,FFF000,0,TZ
084000,084FFF,4096,084000,FFF000,0,TD
084003,084003,1,084003,FFFFFF,1,TD
088000,088FFF,4096,088000,FFF000,0,TG
08A000,08AFFF,4096,08A000,FFF000,0,ZM
08C000,08CFFF,4096,08C000,FFF000,0,CD
090000,090FFF,4096,090000,FFF000,0,AO
094000,0943FF,1024,094000,FFFC00,0,BJ
096000,0963FF,1024,096000,FFFC00,0,CV
098000,0983FF,1024,098000,FFFC00,0,DJ
09A000,09AFFF,4096,09A000,FFF000,0,GM
09C000,09CFFF,4096,09C000,FFF000,0,BF
09E000,09E3FF,1024,09E000,FFFC00,0,ST
0A0000,0A7FFF,32768,0A0000,FF8000,0,DZ
0A4000,0A4FFF,4096,0A4000,FFF000,1,DZ
0A8000,0A8FFF,4096,0A8000,FFF000,0,BS
0A8021,0A8021,1,0A8021,FFFFFF,1,BS
0AA000,0AA3FF,1024,0AA000,FFFC00,0,BB
0AB000,0AB3FF,1024,0AB000,FFFC00,0,BZ
0AC000,0ACFFF,4096,0AC000,FFF000,0,CO
0AC005,0AC005,1,0AC005,FFFFFF,1,CO
0AC036,0AC036,1,0AC036,FFFFFF,1,CO
0AC03B,0AC03B,1,0AC03B,FFFFFF,1,CO
0AC066,0AC066,1,0AC066,FFFFFF,1,CO
0AC067,0AC067,1,0AC067,FFFFFF,1,CO
0AC071,0AC071,1,0AC071,FFFFFF,1,CO
0AC10C,0AC10C,1,0AC10C,FFFFFF,1,CO
0AE000,0AEFFF,4096,0AE000,FFF000,0,CR
0B0000,0B0FFF,4096,0B0000,FFF000,0,CU
0B2000,0B2FFF,4096,0B2000,FFF000,0,SV
0B4000,0B4FFF,4096,0B4000,FFF000,0,GT
0B6000,0B6FFF,4096,0B6000,FFF000,0,GY
0B8000,0B8FFF,4096,0B8000,FFF000,0,HT
0BA000,0BAFFF,4096,0BA000,FFF000,0,HN
0BC000,0BC3FF,1024,0BC000,FFFC00,0,VC
0BE000,0BEFFF,4096,0BE000,FFF000,0,JM
0C0000,0C0FFF,4096,0C0000,FFF000,0,NI
0C2000,0C2FFF,4096,0C2000,FFF000,0,PA
0C204E,0C204E,1,0C204E,FFFFFF,1,PA
0C4000,0C4FFF,4096,0C4000,FFF000,0,DO
0C6000,0C6FFF,4096,0C6000,FFF000,0,TT
0C8000,0C8FFF,4096,0C8000,FFF000,0,SR
0CA000,0CA3FF,1024,0CA000,FFFC00,0,AG
0CC000,0CC3FF,1024,0CC000,FFFC00,0,GD
0D0000,0D7FFF,32768,0D0000,FF8000,0,MX
0D001B,0D001B,1,0D001B,FFFFFF,1,MX
0D003F,0D003F,1,0D003F,FFFFFF,1,MX
0D0045,0D0045,1,0D0045,FFFFFF,1,MX
0D005A,0D005A,1,0D005A,FFFFFF,1,MX
0D01BA,0D01BA,1,0D01BA,FFFFFF,1,MX
0D02B9,0D02B9,1,0D02B9,FFFFFF,1,MX
0D04C2,0D04C2,1,0D04C2,FFFFFF,1,MX
0D0546,0D0546,1,0D0546,FFFFFF,1,MX
0D0547,0D0547,1,0D0547,FFFFFF,1,MX
0D0615,0D0615,1,0D0615,FFFFFF,1,MX
0D064D,0D064D,1,0D064D,FFFFFF,1,MX
0D064F,0D064F,1,0D064F,FFFFFF,1,MX
0D8000,0DFFFF,32768,0D8000,FF8000,0,VE
0D8032,0D8032,1,0D8032,FFFFFF,1,VE
0D8060,0D8060,1,0D8060,FFFFFF,1,VE
0D806C,0D806C,1,0D806C,FFFFFF,1,VE
100000,1FFFFF,1048576,100000,F00000,0,RU
201000,2013FF,1024,201000,FFFC00,0,NA
202000,2023FF,1024,202000,FFFC00,0,ER
300000,33FFFF,262144,300000,FC0000,0,IT
300500,300500,1,300500,FFFFFF,1,IT
320007,320007,1,320007,FFFFFF,1,IT
33FE77,33FE77,1,33FE77,FFFFFF,1,IT
33FE7A,33FE7A,1,33FE7A,FFFFFF,1,IT
33FE7D,33FE7D,1,33FE7D,FFFFFF,1,IT
33FE92,33FE92,1,33FE92,FFFFFF,1,IT
33FE9D,33FE9D,1,33FE9D,FFFFFF,1,IT
33FEC9,33FEC9,1,33FEC9,FFFFFF,1,IT
33FF00,33FFFF,256,33FF00,FFFF00,1,IT
340000,37FFFF,262144,340000,FC0000,0,ES
34118B,34118B,1,34118B,FFFFFF,1,ES
3411C2,3411C2,1,3411C2,FFFFFF,1,ES
341517,341517,1,341517,FFFFFF,1,ES
341518,341518,1,341518,FFFFFF,1,ES
341581,341581,1,341581,FFFFFF,1,ES
341589,341589,1,341589,FFFFFF,1,ES
34158A,34158A,1,34158A,FFFFFF,1,ES
34158B,34158B,1,34158B,FFFFFF,1,ES
34205A,34205A,1,34205A,FFFFFF,1,ES
342084,342084,1,342084,FFFFFF,1,ES
342199,342199,1,342199,FFFFFF,1,ES
342490,342490,1,342490,FFFFFF,1,ES
3425CB,3425CB,1,3425CB,FFFFFF,1,ES
3425D6,3425D6,1,3425D6,FFFFFF,1,ES
34264F,34264F,1,34264F,FFFFFF,1,ES
342693,342693,1,342693,FFFFFF,1,ES
342694,342694,1,342694,FFFFFF,1,ES
342695,342695,1,342695,FFFFFF,1,ES
342697,342697,1,342697,FFFFFF,1,ES
343083,343083,1,343083,FFFFFF,1,ES
343084,343084,1,343084,FFFFFF,1,ES
343085,343085,1,343085,FFFFFF,1,ES
343086,343086,1,343086,FFFFFF,1,ES
343087,343087,1,343087,FFFFFF,1,ES
34308A,34308A,1,34308A,FFFFFF,1,ES
34308C,34308C,1,34308C,FFFFFF,1,ES
34308D,34308D,1,34308D,FFFFFF,1,ES
3430D8,3430D8,1,3430D8,FFFFFF,1,ES
3432CE,3432CE,1,3432CE,FFFFFF,1,ES
34338A,34338A,1,34338A,FFFFFF,1,ES
34338B,34338B,1,34338B,FFFFFF,1,ES
350000,35FFFF,65536,350000,FF0000,1,ES
360000,37FFFF,131072,360000,FE0000,1,ES
380000,3BFFFF,262144,380000,FC0000,0,FR
38025B,38025B,1,38025B,FFFFFF,1,FR
380D1B,380D1B,1,380D1B,FFFFFF,1,FR
380D3B,380D3B,1,380D3B,FFFFFF,1,FR
381BBB,381BBB,1,381BBB,FFFFFF,1,FR
381C3B,381C3B,1,381C3B,FFFFFF,1,FR
381E3B,381E3B,1,381E3B,FFFFFF,1,FR
381E7B,381E7B,1,381E7B,FFFFFF,1,FR
38203B,38203B,1,38203B,FFFFFF,1,IT
39A840,39A840,1,39A840,FFFFFF,1,FR
39A847,39A847,1,39A847,FFFFFF,1,FR
39A848,39A848,1,39A848,FFFFFF,1,FR
39A84D,39A84D,1,39A84D,FFFFFF,1,FR
39A84F,39A84F,1,39A84F,FFFFFF,1,FR
39A851,39A851,1,39A851,FFFFFF,1,FR
39A855,39A855,1,39A855,FFFFFF,1,FR
39A857,39A857,1,39A857,FFFFFF,1,FR
3A8000,3AFFFF,32768,3A8000,FF8000,1,FR
3B0000,3BFFFF,65536,3B0000,FF0000,1,FR
3C0000,3FFFFF,262144,3C0000,FC0000,0,DE
3E8000,3EBFFF,16384,3E8000,FFC000,1,DE
3F4000,3F7FFF,16384,3F4000,FFC000,1,DE
3F8000,3FBFFF,16384,3F8000,FFC000,1,DE
400000,43FFFF,262144,400000,FC0000,0,GB
400000,40003F,64,400000,FFFFC0,1,GB
400040,40007F,64,400040,FFFFC0,0,KY
400080,4000FF,128,400080,FFFF80,0,BM
400080,400087,8,400080,FFFFF8,0,KY
400088,40008B,4,400088,FFFFFC,0,KY
4000C0,4000CF,16,4000C0,FFFFF0,0,KY
4000D0,4000D7,8,4000D0,FFFFF8,0,KY
400100,40017F,128,400100,FFFF80,0,BM
400180,4001BF,64,400180,FFFFC0,0,BM
4001C0,4001FF,64,4001C0,FFFFC0,0,KY
400EA8,400EA8,1,400EA8,FFFFFF,1,GB
400ED0,400ED0,1,400ED0,FFFFFF,1,GB
4060D6,4060D6,1,4060D6,FFFFFF,1,GB
424000,4240FF,256,424000,FFFF00,0,BM
424100,42411F,32,424100,FFFFE0,0,BM
424120,42412F,16,424120,FFFFF0,0,BM
424130,424133,4,424130,FFFFFC,0,BM
424134,424137,4,424134,FFFFFC,0,KY
424138,42413F,8,424138,FFFFF8,0,KY
424140,42417F,64,424140,FFFFC0,0,KY
424180,42419F,32,424180,FFFFE0,0,KY
4241A0,4241BF,32,4241A0,FFFFE0,0,KY
4241C0,4241DF,32,4241C0,FFFFE0,0,KY
4241E0,4241EF,16,4241E0,FFFFF0,0,KY
4241F4,4241F4,1,4241F4,FFFFFF,0,FK
4241F5,4241F5,1,4241F5,FFFFFF,0,FK
4241F6,4241F6,1,4241F6,FFFFFF,0,FK
4241F7,4241F7,1,4241F7,FFFFFF,0,FK
424230,42423F,16,424230,FFFFF0,0,BM
424240,42427F,64,424240,FFFFC0,0,BM
424280,4242FF,128,424280,FFFF80,0,BM
424500,4245FF,256,424500,FFFF00,0,BM
4245BA,4245BA,1,4245BA,FFFFFF,0,MS
424600,42461F,32,424600,FFFFE0,0,BM
4248D8,4248DF,8,4248D8,FFFFF8,0,BM
4248E0,4248FF,32,4248E0,FFFFE0,0,BM
424900,4249FF,256,424900,FFFF00,0,BM
424A00,424A0F,16,424A00,FFFFF0,0,BM
43BE5B,43BE5B,1,43BE5B,FFFFFF,0,FK
43BE80,43BE9F,32,43BE80,FFFFE0,0,BM
43C000,43FFFF,16384,43C000,FFC000,1,GB
43E716,43E717,2,43E716,FFFFFE,0,IM
43E718,43E71F,8,43E718,FFFFF8,0,IM
43E720,43E73F,32,43E720,FFFFE0,0,IM
43E740,43E77F,64,43E740,FFFFC0,0,IM
43E780,43E7FF,128,43E780,FFFF80,0,IM
43E800,43E9FF,512,43E800,FFFE00,0,IM
43EA00,43EAFF,256,43EA00,FFFF00,0,IM
43EAFE,43EAFF,2,43EAFE,FFFFFE,0,GG
43EB00,43EB3F,64,43EB00,FFFFC0,0,GG
43EB40,43EB5F,32,43EB40,FFFFE0,0,GG
43EB60,43EB61,2,43EB60,FFFFFE,0,GG
440000,447FFF,32768,440000,FF8000,0,AT
444000,447FFF,16384,444000,FFC000,1,AT
448000,44FFFF,32768,448000,FF8000,0,BE
44C1E1,44C1E1,1,44C1E1,FFFFFF,1,BE
44C1E3,44C1E3,1,44C1E3,FFFFFF,1,BE
44C1E4,44C1E4,1,44C1E4,FFFFFF,1,BE
44C1E5,44C1E5,1,44C1E5,FFFFFF,1,BE
44C1E7,44C1E7,1,44C1E7,FFFFFF,1,BE
44C1E8,44C1E8,1,44C1E8,FFFFFF,1,BE
44ED81,44ED81,1,44ED81,FFFFFF,1,BE
44ED82,44ED82,1,44ED82,FFFFFF,1,BE
44ED83,44ED83,1,44ED83,FFFFFF,1,BE
44F000,44FFFF,4096,44F000,FFF000,1,BE
450000,457FFF,32768,450000,FF8000,0,BG
457000,457FFF,4096,457000,FFF000,1,BG
458000,45FFFF,32768,458000,FF8000,0,DK
45F400,45F4FF,256,45F400,FFFF00,1,DK
460000,467FFF,32768,460000,FF8000,0,FI
467800,4678FF,256,467800,FFFF00,1,FI
468000,46FFFF,32768,468000,FF8000,0,GR
468000,4683FF,1024,468000,FFFC00,1,GR
46A091,46A091,1,46A091,FFFFFF,1,GR
46A093,46A093,1,46A093,FFFFFF,1,GR
46A095,46A095,1,46A095,FFFFFF,1,GR
46F592,46F593,2,46F592,FFFFFE,1,GR
470000,477FFF,32768,470000,FF8000,0,HU
473C00,473C0F,16,473C00,FFFFF0,1,HU
477FF0,477FFF,16,477FF0,FFFFF0,1,HU
477FF1,477FF1,1,477FF1,FFFFFF,1,XB
477FF2,477FF2,1,477FF2,FFFFFF,1,XB
477FF3,477FF3,1,477FF3,FFFFFF,1,XB
478000,47FFFF,32768,478000,FF8000,0,NO
4780C6,4780C7,2,4780C6,FFFFFE,1,NO
4780C8,4780CF,8,4780C8,FFFFF8,1,NO
4780D0,4780DF,16,4780D0,FFFFF0,1,NO
4780E0,4780FF,32,4780E0,FFFFE0,1,NO
478100,4781FF,256,478100,FFFF00,1,NO
480000,487FFF,32768,480000,FF8000,0,NL
480000,480FFF,4096,480000,FFF000,1,NL
484074,484074,1,484074,FFFFFF,0,AW
484080,484080,1,484080,FFFFFF,0,XC
484081,484081,1,484081,FFFFFF,0,XC
484089,484089,1,484089,FFFFFF,0,XC
48408B,48408B,1,48408B,FFFFFF,0,XC
484090,484090,1,484090,FFFFFF,0,XC
484094,484094,1,484094,FFFFFF,0,XC
484095,484095,1,484095,FFFFFF,0,XC
484096,484096,1,484096,FFFFFF,0,XC
4840A4,4840A4,1,4840A4,FFFFFF,0,XC
4840A5,4840A5,1,4840A5,FFFFFF,0,XC
4840C6,4840C6,1,4840C6,FFFFFF,0,AW
4840DE,4840DE,1,4840DE,FFFFFF,0,AW
4840EA,4840EA,1,4840EA,FFFFFF,0,AW
4840FB,4840FB,1,4840FB,FFFFFF,0,AW
484107,484107,1,484107,FFFFFF,0,AW
48410F,48410F,1,48410F,FFFFFF,0,XC
484111,484111,1,484111,FFFFFF,0,XC
484112,484112,1,484112,FFFFFF,0,XC
484118,484118,1,484118,FFFFFF,0,AW
48411A,48411A,1,48411A,FFFFFF,0,AW
48411B,48411B,1,48411B,FFFFFF,0,AW
48411C,48411C,1,48411C,FFFFFF,0,AW
48411D,48411D,1,48411D,FFFFFF,0,AW
48411E,48411E,1,48411E,FFFFFF,0,AW
48411F,48411F,1,48411F,FFFFFF,0,AW
484120,484120,1,484120,FFFFFF,0,AW
484121,484121,1,484121,FFFFFF,0,AW
484123,484123,1,484123,FFFFFF,0,AW
484124,484124,1,484124,FFFFFF,0,AW
484126,484126,1,484126,FFFFFF,0,AW
484127,484127,1,484127,FFFFFF,0,AW
484128,484128,1,484128,FFFFFF,0,AW
48412A,48412A,1,48412A,FFFFFF,0,AW
48412C,48412C,1,48412C,FFFFFF,0,AW
48412E,48412E,1,48412E,FFFFFF,0,AW
48412F,48412F,1,48412F,FFFFFF,0,AW
484334,484334,1,484334,FFFFFF,0,AW
484335,484335,1,484335,FFFFFF,0,AW
484337,484337,1,484337,FFFFFF,0,AW
484339,484339,1,484339,FFFFFF,0,AW
48433A,48433A,1,48433A,FFFFFF,0,AW
48433D,48433D,1,48433D,FFFFFF,0,AW
48433E,48433E,1,48433E,FFFFFF,0,AW
48433E,48433E,1,48433E,FFFFFF,0,AW
484340,484340,1,484340,FFFFFF,0,AW
484344,484344,1,484344,FFFFFF,0,AW
484346,484346,1,484346,FFFFFF,0,AW
48434B,48434B,1,48434B,FFFFFF,0,AW
48434C,48434C,1,48434C,FFFFFF,0,AW
48434E,48434E,1,48434E,FFFFFF,0,AW
48434F,48434F,1,48434F,FFFFFF,0,AW
484350,484350,1,484350,FFFFFF,0,AW
484351,484351,1,484351,FFFFFF,0,AW
484352,484352,1,484352,FFFFFF,0,AW
484353,484353,1,484353,FFFFFF,0,AW
484354,484354,1,484354,FFFFFF,0,AW
484355,484355,1,484355,FFFFFF,0,AW
484356,484356,1,484356,FFFFFF,0,AW
484358,484358,1,484358,FFFFFF,0,AW
484359,484359,1,484359,FFFFFF,0,AW
48435B,48435B,1,48435B,FFFFFF,0,AW
48435C,48435C,1,48435C,FFFFFF,0,AW
48435D,48435D,1,48435D,FFFFFF,0,AW
48435E,48435E,1,48435E,FFFFFF,0,AW
48435F,48435F,1,48435F,FFFFFF,0,AW
484360,484360,1,484360,FFFFFF,0,AW
484361,484361,1,484361,FFFFFF,0,AW
484362,484362,1,484362,FFFFFF,0,AW
484363,484363,1,484363,FFFFFF,0,AW
48448C,48448C,1,48448C,FFFFFF,0,AW
48448D,48448D,1,48448D,FFFFFF,0,AW
48448E,48448E,1,48448E,FFFFFF,0,AW
48448F,48448F,1,48448F,FFFFFF,0,AW
484490,484490,1,484490,FFFFFF,0,AW
484491,484491,1,484491,FFFFFF,0,AW
484492,484492,1,484492,FFFFFF,0,AW
484493,484493,1,484493,FFFFFF,0,AW
484494,484494,1,484494,FFFFFF,0,AW
484495,484495,1,484495,FFFFFF,0,AW
484496,484496,1,484496,FFFFFF,0,AW
484499,484499,1,484499,FFFFFF,0,AW
48449B,48449B,1,48449B,FFFFFF,0,AW
48449C,48449C,1,48449C,FFFFFF,0,AW
48449D,48449D,1,48449D,FFFFFF,0,AW
4844A0,4844A0,1,4844A0,FFFFFF,0,AW
4844A1,4844A1,1,4844A1,FFFFFF,0,AW
4844A3,4844A3,1,4844A3,FFFFFF,0,AW
4844A4,4844A4,1,4844A4,FFFFFF,0,AW
4844A5,4844A5,1,4844A5,FFFFFF,0,AW
4844A6,4844A6,1,4844A6,FFFFFF,0,AW
4844A8,4844A8,1,4844A8,FFFFFF,0,AW
4844A9,4844A9,1,4844A9,FFFFFF,0,AW
4844AA,4844AA,1,4844AA,FFFFFF,0,AW
4844AB,4844AB,1,4844AB,FFFFFF,0,AW
4844AC,4844AC,1,4844AC,FFFFFF,0,AW
4844AD,4844AD,1,4844AD,FFFFFF,0,AW
4844AE,4844AE,1,4844AE,FFFFFF,0,AW
4844AF,4844AF,1,4844AF,FFFFFF,0,AW
4844B1,4844B1,1,4844B1,FFFFFF,0,AW
4844B2,4844B2,1,4844B2,FFFFFF,0,AW
4844B3,4844B3,1,4844B3,FFFFFF,0,AW
4844B4,4844B4,1,4844B4,FFFFFF,0,AW
4844B6,4844B6,1,4844B6,FFFFFF,0,AW
4844B7,4844B7,1,4844B7,FFFFFF,0,AW
4844B8,4844B8,1,4844B8,FFFFFF,0,AW
4844BA,4844BA,1,4844BA,FFFFFF,0,AW
4844BB,4844BB,1,4844BB,FFFFFF,0,AW
4844BC,4844BC,1,4844BC,FFFFFF,0,AW
488000,48FFFF,32768,488000,FF8000,0,PL
48D800,48D8FF,256,48D800,FFFF00,1,PL
490000,497FFF,32768,490000,FF8000,0,PT
4951B4,4951B4,1,4951B4,FFFFFF,1,BE
497C00,497CFF,256,497C00,FFFF00,1,PT
498000,49FFFF,32768,498000,FF8000,0,CZ
498400,4984FF,256,498400,FFFF00,1,CZ
4A0000,4A7FFF,32768,4A0000,FF8000,0,RO
4A172A,4A172A,1,4A172A,FFFFFF,1,RO
4A1816,4A1816,1,4A1816,FFFFFF,1,RO
4A182F,4A182F,1,4A182F,FFFFFF,1,RO
4A35AA,4A35AA,1,4A35AA,FFFFFF,1,RO
4A35AB,4A35AB,1,4A35AB,FFFFFF,1,RO
4A35AC,4A35AC,1,4A35AC,FFFFFF,1,RO
4A8000,4AFFFF,32768,4A8000,FF8000,0,SE
4A80D0,4A80D0,1,4A80D0,FFFFFF,1,SE
4A8114,4A8114,1,4A8114,FFFFFF,1,SE
4A8181,4A8181,1,4A8181,FFFFFF,1,SE
4A8182,4A8182,1,4A8182,FFFFFF,1,SE
4A8183,4A8183,1,4A8183,FFFFFF,1,SE
4A8184,4A8184,1,4A8184,FFFFFF,1,SE
4A8185,4A8185,1,4A8185,FFFFFF,1,SE
4A8186,4A8186,1,4A8186,FFFFFF,1,SE
4A8187,4A8187,1,4A8187,FFFFFF,1,SE
4A8188,4A8188,1,4A8188,FFFFFF,1,SE
4A8199,4A8199,1,4A8199,FFFFFF,1,SE
4A81E6,4A81E6,1,4A81E6,FFFFFF,1,SE
4A81F2,4A81F2,1,4A81F2,FFFFFF,1,SE
4A81F4,4A81F4,1,4A81F4,FFFFFF,1,SE
4A81F8,4A81F8,1,4A81F8,FFFFFF,1,SE
4A81F9,4A81F9,1,4A81F9,FFFFFF,1,SE
4A821F,4A821F,1,4A821F,FFFFFF,1,SE
4A822A,4A822A,1,4A822A,FFFFFF,1,SE
4B0000,4B7FFF,32768,4B0000,FF8000,0,CH
4B7000,4B7FFF,4096,4B7000,FFF000,1,CH
4B8000,4BFFFF,32768,4B8000,FF8000,0,TR
4B8200,4B82FF,256,4B8200,FFFF00,1,TR
4C0000,4C7FFF,32768,4C0000,FF8000,0,RS
4C0155,4C0155,1,4C0155,FFFFFF,1,RS
4C8000,4C83FF,1024,4C8000,FFFC00,0,CY
4CA000,4CAFFF,4096,4CA000,FFF000,0,IE
4CA023,4CA023,1,4CA023,FFFFFF,1,IE
4CA13E,4CA13E,1,4CA13E,FFFFFF,1,IE
4CA13F,4CA13F,1,4CA13F,FFFFFF,1,IE
4CA158,4CA158,1,4CA158,FFFFFF,1,IE
4CA1E7,4CA1E7,1,4CA1E7,FFFFFF,1,IE
4CA1E8,4CA1E8,1,4CA1E8,FFFFFF,1,IE
4CA1E9,4CA1E9,1,4CA1E9,FFFFFF,1,IE
4CA1EA,4CA1EA,1,4CA1EA,FFFFFF,1,IE
4CA1EB,4CA1EB,1,4CA1EB,FFFFFF,1,IE
4CA1EC,4CA1EC,1,4CA1EC,FFFFFF,1,IE
4CA1ED,4CA1ED,1,4CA1ED,FFFFFF,1,IE
4CA1EE,4CA1EE,1,4CA1EE,FFFFFF,1,IE
4CA204,4CA204,1,4CA204,FFFFFF,1,IE
4CA28B,4CA28B,1,4CA28B,FFFFFF,1,IE
4CA28C,4CA28C,1,4CA28C,FFFFFF,1,IE
4CA31A,4CA31A,1,4CA31A,FFFFFF,1,IE
4CA31E,4CA31E,1,4CA31E,FFFFFF,1,IE
4CA330,4CA330,1,4CA330,FFFFFF,1,IE
4CA331,4CA331,1,4CA331,FFFFFF,1,IE
4CA332,4CA332,1,4CA332,FFFFFF,1,IE
4CA335,4CA335,1,4CA335,FFFFFF,1,IE
4CA336,4CA336,1,4CA336,FFFFFF,1,IE
4CC000,4CCFFF,4096,4CC000,FFF000,0,IS
4CC468,4CC468,1,4CC468,FFFFFF,1,IS
4D0000,4D03FF,1024,4D0000,FFFC00,0,LU
4D03C0,4D03DF,32,4D03C0,FFFFE0,1,XB
4D2000,4D2FFF,4096,4D2000,FFF000,0,MT
4D2058,4D2058,1,4D2058,FFFFFF,1,MT
4D4000,4D43FF,1024,4D4000,FFFC00,0,MC
500000,5003FF,1024,500000,FFFC00,0,SM
501000,5013FF,1024,501000,FFFC00,0,AL
501C00,501FFF,1024,501C00,FFFC00,0,HR
501D13,501D13,1,501D13,FFFFFF,1,HR
501F85,501F85,1,501F85,FFFFFF,1,HR
501F86,501F86,1,501F86,FFFFFF,1,HR
502C00,502FFF,1024,502C00,FFFC00,0,LV
503C00,503FFF,1024,503C00,FFFC00,0,LT
503FD2,503FD2,1,503FD2,FFFFFF,1,LT
503FD3,503FD3,1,503FD3,FFFFFF,1,LT
504C00,504FFF,1024,504C00,FFFC00,0,MD
505C00,505FFF,1024,505C00,FFFC00,0,SK
505F61,505F61,1,505F61,FFFFFF,1,SK
505F62,505F62,1,505F62,FFFFFF,1,SK
505F63,505F63,1,505F63,FFFFFF,1,SK
505F68,505F68,1,505F68,FFFFFF,1,SK
505F6A,505F6A,1,505F6A,FFFFFF,1,SK
505F6C,505F6C,1,505F6C,FFFFFF,1,SK
506C00,506FFF,1024,506C00,FFFC00,0,SI
506F00,506FFF,256,506F00,FFFF00,1,SI
507C00,507FFF,1024,507C00,FFFC00,0,UZ
508000,50FFFF,32768,508000,FF8000,0,UA
510000,5103FF,1024,510000,FFFC00,0,BY
511000,5113FF,1024,511000,FFFC00,0,EE
512000,5123FF,1024,512000,FFFC00,0,MK
513000,5133FF,1024,513000,FFFC00,0,BA
514000,5143FF,1024,514000,FFFC00,0,GE
515000,5153FF,1024,515000,FFFC00,0,TJ
516000,5163FF,1024,516000,FFFC00,0,ME
600000,6003FF,1024,600000,FFFC00,0,AM
600800,600BFF,1024,600800,FFFC00,0,AZ
600801,600801,1,600801,FFFFFF,1,AZ
601000,6013FF,1024,601000,FFFC00,0,KG
601800,601BFF,1024,601800,FFFC00,0,TM
601862,601862,1,601862,FFFFFF,1,TM
680000,6803FF,1024,680000,FFFC00,0,BT
681000,6813FF,1024,681000,FFFC00,0,FM
682000,6823FF,1024,682000,FFFC00,0,MN
683000,6833FF,1024,683000,FFFC00,0,KZ
684000,6843FF,1024,684000,FFFC00,0,PW
700000,700FFF,4096,700000,FFF000,0,AF
702000,702FFF,4096,702000,FFF000,0,BD
702C02,702C02,1,702C02,FFFFFF,1,BD
702C03,702C03,1,702C03,FFFFFF,1,BD
702C04,702C04,1,702C04,FFFFFF,1,BD
704000,704FFF,4096,704000,FFF000,0,MM
706000,706FFF,4096,706000,FFF000,0,KW
706217,706217,1,706217,FFFFFF,1,KW
708000,708FFF,4096,708000,FFF000,0,LA
70A000,70AFFF,4096,70A000,FFF000,0,NP
70C000,70C3FF,1024,70C000,FFFC00,0,OM
70C070,70C07F,16,70C070,FFFFF0,1,OM
70C08B,70C08B,1,70C08B,FFFFFF,1,OM
70C08C,70C08C,1,70C08C,FFFFFF,1,OM
70E000,70EFFF,4096,70E000,FFF000,0,KH
710000,717FFF,32768,710000,FF8000,0,SA
71010A,71010A,1,71010A,FFFFFF,1,SA
71010B,71010B,1,71010B,FFFFFF,1,SA
7101E0,7101E0,1,7101E0,FFFFFF,1,SA
710258,71025F,8,710258,FFFFF8,1,SA
710260,71027F,32,710260,FFFFE0,1,SA
710280,71029F,32,710280,FFFFE0,1,SA
7102D5,7102D5,1,7102D5,FFFFFF,1,SA
7102E1,7102E1,1,7102E1,FFFFFF,1,SA
7102E2,7102E2,1,7102E2,FFFFFF,1,SA
7102E3,7102E3,1,7102E3,FFFFFF,1,SA
7102E4,7102E4,1,7102E4,FFFFFF,1,SA
7102F9,7102F9,1,7102F9,FFFFFF,1,SA
710380,71039F,32,710380,FFFFE0,1,SA
7103AB,7103AB,1,7103AB,FFFFFF,1,SA
718000,71FFFF,32768,718000,FF8000,0,KR
71F906,71F906,1,71F906,FFFFFF,1,KR
71F90A,71F90A,1,71F90A,FFFFFF,1,KR
71FB01,71FB01,1,71FB01,FFFFFF,1,KR
71FB02,71FB02,1,71FB02,FFFFFF,1,KR
720000,727FFF,32768,720000,FF8000,0,KP
728000,72FFFF,32768,728000,FF8000,0,IQ
7281F5,7281F5,1,7281F5,FFFFFF,1,IQ
7281F6,7281F7,2,7281F6,FFFFFE,1,IQ
7281F8,7281FF,8,7281F8,FFFFF8,1,IQ
728200,728203,4,728200,FFFFFC,1,IQ
730000,737FFF,32768,730000,FF8000,0,IR
734D1E,734D1E,1,734D1E,FFFFFF,1,IR
738000,73FFFF,32768,738000,FF8000,0,IL
738A00,738BFF,512,738A00,FFFE00,1,IL
740000,747FFF,32768,740000,FF8000,0,JO
748000,74FFFF,32768,748000,FF8000,0,LB
750000,757FFF,32768,750000,FF8000,0,MY
75000C,75000C,1,75000C,FFFFFF,1,MY
75000F,75000F,1,75000F,FFFFFF,1,MY
750024,750024,1,750024,FFFFFF,1,MY
750025,750025,1,750025,FFFFFF,1,MY
750026,750026,1,750026,FFFFFF,1,MY
750027,750027,1,750027,FFFFFF,1,MY
7500BD,7500BD,1,7500BD,FFFFFF,1,MY
7500C5,7500C5,1,7500C5,FFFFFF,1,MY
7500D4,7500D4,1,7500D4,FFFFFF,1,MY
7500D7,7500D7,1,7500D7,FFFFFF,1,MY
750156,750156,1,750156,FFFFFF,1,MY
758000,75FFFF,32768,758000,FF8000,0,PH
760000,767FFF,32768,760000,FF8000,0,PK
760019,760019,1,760019,FFFFFF,1,PK
7600E9,7600E9,1,7600E9,FFFFFF,1,PK
7602F5,7602F5,1,7602F5,FFFFFF,1,PK
761030,761030,1,761030,FFFFFF,1,PK
76103F,76103F,1,76103F,FFFFFF,1,PK
76104B,76104B,1,76104B,FFFFFF,1,PK
761051,761051,1,761051,FFFFFF,1,PK
761052,761052,1,761052,FFFFFF,1,PK
761054,761054,1,761054,FFFFFF,1,PK
76105D,76105D,1,76105D,FFFFFF,1,PK
7610D6,7610D6,1,7610D6,FFFFFF,1,PK
7610D8,7610D8,1,7610D8,FFFFFF,1,PK
76209A,76209A,1,76209A,FFFFFF,1,PK
762AF3,762AF3,1,762AF3,FFFFFF,1,PK
762BF4,762BF4,1,762BF4,FFFFFF,1,PK
763987,763987,1,763987,FFFFFF,1,PK
768000,76FFFF,32768,768000,FF8000,0,SG
7684C3,7684C3,1,7684C3,FFFFFF,1,SG
76E301,76E301,1,76E301,FFFFFF,1,SG
76E302,76E302,1,76E302,FFFFFF,1,SG
76E303,76E303,1,76E303,FFFFFF,1,SG
76E304,76E304,1,76E304,FFFFFF,1,SG
770000,777FFF,32768,770000,FF8000,0,LK
778000,77FFFF,32768,778000,FF8000,0,SY
780000,7BFFFF,262144,780000,FC0000,0,CN
7800CB,7800CB,1,7800CB,FFFFFF,0,MO
780100,7801FF,256,780100,FFFF00,0,HK
780100,78011F,32,780100,FFFFE0,0,CN
780108,780108,1,780108,FFFFFF,0,MO
780200,78023F,64,780200,FFFFC0,0,HK
780240,780240,1,780240,FFFFFF,0,HK
780241,780241,1,780241,FFFFFF,0,HK
780242,780242,1,780242,FFFFFF,0,HK
780243,780243,1,780243,FFFFFF,0,HK
7802BA,7802BA,1,7802BA,FFFFFF,0,MO
7802BC,7802BC,1,7802BC,FFFFFF,0,MO
7802C4,7802C4,1,7802C4,FFFFFF,0,MO
780336,780336,1,780336,FFFFFF,0,MO
780337,780337,1,780337,FFFFFF,0,MO
780338,78033F,8,780338,FFFFF8,0,MO
780340,780347,8,780340,FFFFF8,0,MO
780418,780418,1,780418,FFFFFF,0,MO
780419,780419,1,780419,FFFFFF,0,MO
78041A,78041A,1,78041A,FFFFFF,0,MO
78041B,78041B,1,78041B,FFFFFF,0,MO
78041C,78041C,1,78041C,FFFFFF,0,MO
780423,780423,1,780423,FFFFFF,0,MO
780424,780424,1,780424,FFFFFF,0,MO
780425,780425,1,780425,FFFFFF,0,MO
780426,780426,1,780426,FFFFFF,0,MO
780427,780427,1,780427,FFFFFF,0,MO
780430,780430,1,780430,FFFFFF,0,MO
780494,780494,1,780494,FFFFFF,0,MO
780A00,780A3F,64,780A00,FFFFC0,0,HK
780A00,780A01,2,780A00,FFFFFE,0,CN
780A40,780A7F,64,780A40,FFFFC0,0,HK
7C0000,7FFFFF,262144,7C0000,FC0000,0,AU
7C822E,7C822F,2,7C822E,FFFFFE,1,AU
7C8230,7C823F,16,7C8230,FFFFF0,1,AU
7C8240,7C827F,64,7C8240,FFFFC0,1,AU
7C8280,7C82FF,128,7C8280,FFFF80,1,AU
7C8300,7C83FF,256,7C8300,FFFF00,1,AU
7C8400,7C87FF,1024,7C8400,FFFC00,1,AU
7C8800,7C8FFF,2048,7C8800,FFF800,1,AU
7C9000,7C9FFF,4096,7C9000,FFF000,1,AU
7CA000,7CBFFF,8192,7CA000,FFE000,1,AU
7CC000,7CFFFF,16384,7CC000,FFC000,1,AU
7D0000,7DFFFF,65536,7D0000,FF0000,1,AU
7E0000,7FFFFF,131072,7E0000,FE0000,1,AU
800000,FFFFFF,8388608,800000,800000,0,ZZ
800000,83FFFF,262144,800000,FC0000,0,IN
800078,800078,1,800078,FFFFFF,1,IN
800079,800079,1,800079,FFFFFF,1,IN
8000D6,8000D6,1,8000D6,FFFFFF,1,IN
800200,8002FF,256,800200,FFFF00,1,IN
8002F0,8002F0,1,8002F0,FFFFFF,0,IN
80030D,80030D,1,80030D,FFFFFF,1,IN
800792,800792,1,800792,FFFFFF,1,IN
800797,800797,1,800797,FFFFFF,1,IN
81E0E3,81E0E3,1,81E0E3,FFFFFF,1,IN
840000,87FFFF,262144,840000,FC0000,0,JP
87C000,87C000,1,87C000,FFFFFF,1,JP
87C001,87C001,1,87C001,FFFFFF,1,JP
87CC01,87CC01,1,87CC01,FFFFFF,1,JP
87CC08,87CC08,1,87CC08,FFFFFF,1,JP
87CC09,87CC09,1,87CC09,FFFFFF,1,JP
87CC0A,87CC0A,1,87CC0A,FFFFFF,1,JP
87CC0B,87CC0B,1,87CC0B,FFFFFF,1,JP
880000,887FFF,32768,880000,FF8000,0,TH
880027,880027,1,880027,FFFFFF,1,TH
88002C,88002C,1,88002C,FFFFFF,1,TH
880049,880049,1,880049,FFFFFF,1,TH
880401,880401,1,880401,FFFFFF,1,TH
8805A3,8805A3,1,8805A3,FFFFFF,1,TH
8805A7,8805A7,1,8805A7,FFFFFF,1,TH
8805A8,8805A8,1,8805A8,FFFFFF,1,TH
8805A9,8805A9,1,8805A9,FFFFFF,1,TH
8805AA,8805AA,1,8805AA,FFFFFF,1,TH
8805AB,8805AB,1,8805AB,FFFFFF,1,TH
8805AC,8805AC,1,8805AC,FFFFFF,1,TH
8805AD,8805AD,1,8805AD,FFFFFF,1,TH
8805AE,8805AE,1,8805AE,FFFFFF,1,TH
8805AF,8805AF,1,8805AF,FFFFFF,1,TH
8805B0,8805B0,1,8805B0,FFFFFF,1,TH
880DB6,880DB6,1,880DB6,FFFFFF,1,TH
881C61,881C61,1,881C61,FFFFFF,1,TH
881C62,881C62,1,881C62,FFFFFF,1,TH
881C63,881C63,1,881C63,FFFFFF,1,TH
881C64,881C64,1,881C64,FFFFFF,1,TH
882248,882248,1,882248,FFFFFF,1,TH
883AC1,883AC1,1,883AC1,FFFFFF,1,TH
885332,885332,1,885332,FFFFFF,1,TH
885333,885333,1,885333,FFFFFF,1,TH
888000,88FFFF,32768,888000,FF8000,0,VN
890000,890FFF,4096,890000,FFF000,0,YE
894000,894FFF,4096,894000,FFF000,0,BH
894011,894011,1,894011,FFFFFF,1,BH
894016,894016,1,894016,FFFFFF,1,BH
895000,8953FF,1024,895000,FFFC00,0,BN
896000,896FFF,4096,896000,FFF000,0,AE
896029,896029,1,896029,FFFFFF,1,AE
89602A,89602A,1,89602A,FFFFFF,1,AE
89602B,89602B,1,89602B,FFFFFF,1,AE
89602C,89602C,1,89602C,FFFFFF,1,AE
896C00,896C3F,64,896C00,FFFFC0,1,AE
897000,8973FF,1024,897000,FFFC00,0,SB
898000,898FFF,4096,898000,FFF000,0,PG
899000,8993FF,1024,899000,FFFC00,0,TW
899160,899160,1,899160,FFFFFF,1,TW
8A0000,8A7FFF,32768,8A0000,FF8000,0,ID
8A0024,8A0024,1,8A0024,FFFFFF,1,ID
8A0029,8A0029,1,8A0029,FFFFFF,1,ID
8A2901,8A2901,1,8A2901,FFFFFF,1,ID
8A2902,8A2902,1,8A2902,FFFFFF,1,ID
900000,9003FF,1024,900000,FFFC00,0,MH
901000,9013FF,1024,901000,FFFC00,0,CK
902000,9023FF,1024,902000,FFFC00,0,WS
A00000,AFFFFF,1048576,A00000,F00000,0,US
A31E09,A31E09,1,A31E09,FFFFFF,1,US
A74ED3,A74ED3,1,A74ED3,FFFFFF,1,US
AC8997,AC8997,1,AC8997,FFFFFF,1,US
AD5AF4,AD5AF4,1,AD5AF4,FFFFFF,1,US
ADF7C8,ADF7CF,8,ADF7C8,FFFFF8,1,US
ADF7D0,ADF7DF,16,ADF7D0,FFFFF0,1,US
ADF7E0,ADF7FF,32,ADF7E0,FFFFE0,1,US
ADF800,ADFFFF,2048,ADF800,FFF800,1,US
AE0000,AFFFFF,131072,AE0000,FE0000,1,US
C00000,C3FFFF,262144,C00000,FC0000,0,CA
C20000,C3FFFF,131072,C20000,FE0000,1,CA
C80000,C87FFF,32768,C80000,FF8000,0,NZ
C87F00,C87FFF,256,C87F00,FFFF00,1,NZ
C88000,C88FFF,4096,C88000,FFF000,0,FJ
C8A000,C8A3FF,1024,C8A000,FFFC00,0,NR
C8C000,C8C3FF,1024,C8C000,FFFC00,0,LC
C8D000,C8D3FF,1024,C8D000,FFFC00,0,TO
C8E000,C8E3FF,1024,C8E000,FFFC00,0,KI
C90000,C903FF,1024,C90000,FFFC00,0,VU
E00000,E3FFFF,262144,E00000,FC0000,0,AR
E14C31,E14C31,1,E14C31,FFFFFF,1,AR
E14C32,E14C32,1,E14C32,FFFFFF,1,AR
E14C33,E14C33,1,E14C33,FFFFFF,1,AR
E14C70,E14C70,1,E14C70,FFFFFF,1,AR
E40000,E7FFFF,262144,E40000,FC0000,0,BR
E40000,E41FFF,8192,E40000,FFE000,1,BR
E40005,E40005,1,E40005,FFFFFF,0,BR
E400AB,E400AB,1,E400AB,FFFFFF,0,BR
E400B8,E400B8,1,E400B8,FFFFFF,0,BR
E400C0,E400C0,1,E400C0,FFFFFF,0,BR
E400D4,E400D4,1,E400D4,FFFFFF,0,BR
E40125,E40125,1,E40125,FFFFFF,0,BR
E4012F,E4012F,1,E4012F,FFFFFF,0,BR
E40130,E40130,1,E40130,FFFFFF,0,BR
E40131,E40131,1,E40131,FFFFFF,0,BR
E40132,E40132,1,E40132,FFFFFF,0,BR
E40133,E40133,1,E40133,FFFFFF,0,BR
E40148,E40148,1,E40148,FFFFFF,0,BR
E4014B,E4014B,1,E4014B,FFFFFF,0,BR
E4014C,E4014C,1,E4014C,FFFFFF,0,BR
E4054C,E4054C,1,E4054C,FFFFFF,0,BR
E47DFE,E47DFE,1,E47DFE,FFFFFF,1,BR
E47E40,E47E40,1,E47E40,FFFFFF,1,BR
E481F6,E481F6,1,E481F6,FFFFFF,1,BR
E481F7,E481F7,1,E481F7,FFFFFF,1,BR
E482C2,E482C2,1,E482C2,FFFFFF,1,BR
E482C3,E482C3,1,E482C3,FFFFFF,1,BR
E483A8,E483A8,1,E483A8,FFFFFF,1,BR
E483AA,E483AA,1,E483AA,FFFFFF,1,BR
E483AB,E483AB,1,E483AB,FFFFFF,1,BR
E483BA,E483BA,1,E483BA,FFFFFF,1,BR
E483BB,E483BB,1,E483BB,FFFFFF,1,BR
E48443,E48443,1,E48443,FFFFFF,1,BR
E48444,E48444,1,E48444,FFFFFF,1,BR
E485E7,E485E7,1,E485E7,FFFFFF,1,BR
E485E8,E485E8,1,E485E8,FFFFFF,1,BR
E485E9,E485E9,1,E485E9,FFFFFF,1,BR
E4891F,E4891F,1,E4891F,FFFFFF,1,BR
E48920,E48920,1,E48920,FFFFFF,1,BR
E48921,E48921,1,E48921,FFFFFF,1,BR
E4896A,E4896A,1,E4896A,FFFFFF,1,BR
E489B9,E489B9,1,E489B9,FFFFFF,1,BR
E80000,E80FFF,4096,E80000,FFF000,0,CL
E80600,E806FF,256,E80600,FFFF00,1,CL
E84000,E84FFF,4096,E84000,FFF000,0,EC
E84030,E84030,1,E84030,FFFFFF,1,EC
E84035,E84035,1,E84035,FFFFFF,1,EC
E88000,E88FFF,4096,E88000,FFF000,0,PY
E8C000,E8CFFF,4096,E8C000,FFF000,0,PE
E8C007,E8C007,1,E8C007,FFFFFF,1,PE
E90000,E90FFF,4096,E90000,FFF000,0,UY
E94000,E94FFF,4096,E94000,FFF000,0,BO
E940FA,E940FA,1,E940FA,FFFFFF,1,BO
E94104,E94104,1,E94104,FFFFFF,1,BO
F00000,F07FFF,32768,F00000,FF8000,0,XA
F09000,F093FF,1024,F09000,FFFC00,0,XA
