ICAO,Registration,ModelICAO,Manufacturer,Model,ManufacturerAndModel,IsPrivateOperator,Operator,AirlineCode,SerialNumber,YearBuilt
80138C,VT-KTM,A320,Airbus,A320 214SL,Airbus A320 214SL,0,Air India Express,AXB,5716,2013
80138D,VT-BOM,A320,Airbus,A320 214,Airbus A320 214,0,Air India Express,AXB,5007,2011
801396,VT-TNP,A20N,Airbus,A320 251NSL,Airbus A320 251NSL,0,Air India,AIC,9203,2019
80139B,VT-TNQ,A20N,Airbus,A320 251NSL,Airbus A320 251NSL,0,Air India,AIC,9277,2019
80139E,VT-TNR,A20N,Airbus,A320 251NSL,Airbus A320 251NSL,0,Air India,AIC,9296,2019
80139F,VT-NAG,A320,Airbus,A320 214,Airbus A320 214,0,Air India Express,AXB,3750,2008
8013A0,VT-AMD,A320,Airbus,A320 214,Airbus A320 214,0,Air India Express,AXB,4887,2011
8013A3,VT-TNU,A20N,Airbus,A320 251NSL,Airbus A320 251NSL,0,Air India,AIC,9367,2020
8013A4,VT-TNV,A20N,Airbus,A320 251NSL,Airbus A320 251NSL,0,Air India,AIC,9381,2020
8013AF,VT-HKG,A320,Airbus,A320 214,Airbus A320 214,0,Air India Express,AXB,4936,2011
8013B1,VT-TNS,A20N,Airbus,A320 251NSL,Airbus A320 251NSL,0,Air India,AIC,9363,2020
8013B2,VT-TNW,A20N,Airbus,A320 251NSL,Airbus A320 251NSL,0,Air India,AIC,9421,2019
8013BD,VT-MLE,A320,Airbus,A320 214,Airbus A320 214,0,Air India Express,AXB,3306,2007
8013C2,VT-TSD,B789,Boeing,787 9,Boeing 787 9,0,Air India,AIC,66526,2020
8013C3,VT-TSE,B789,Boeing,787 9,Boeing 787 9,0,Air India,AIC,66527,2020
8013CA,VT-VNS,A320,Airbus,A320 216SL,Airbus A320 216SL,0,Air India Express,AXB,6178,2014
8013CC,VT-TNY,A20N,Airbus,A320 251NSL,Airbus A320 251NSL,0,Air India,AIC,10019,2020
8013D6,VT-TVA,A21N,Airbus,A321 251NSL,Airbus A321 251NSL,0,Air India,AIC,9297,2020
8013E3,VT-IXS,AT76,ATR,72-600,ATR 72-600,0,IndiGo Airlines,IGO,1566,2019
8013EA,VT-TNX,A20N,Airbus,A320 251NSL,Airbus A320 251NSL,0,Air India,AIC,9572,2020
8013ED,VT-TVB,A21N,Airbus,A321 251NSL,Airbus A321 251NSL,0,Air India,AIC,9513,2020
8013FE,VT-TNZ,A20N,Airbus,A320 251NSL,Airbus A320 251NSL,0,Air India,AIC,10075,2020
801403,VT-ATD,A20N,Airbus,A320 251NSL,Airbus A320 251NSL,0,Air India Express,AXB,10037,2020
801406,VT-TSH,B789,Boeing,787-9 Dreamliner,Boeing 787-9 Dreamliner,0,Air India,AIC,66528,2020
801407,VT-ATE,A20N,Airbus,A320 251NSL,Airbus A320 251NSL,0,Air India Express,AXB,9525,2020
801408,VT-TQA,A20N,Airbus,A320 251NSL,Airbus A320 251NSL,0,Air India,AIC,10237,2020
801409,VT-TQB,A20N,Airbus,A320 251NSL,Airbus A320 251NSL,0,Air India,AIC,10261,2020
80140C,VT-ILF,A21N,Airbus,A321-252NX,Airbus A321-252NX,0,IndiGo Airlines,IGO,10341,2021
80140E,VT-ATG,A20N,Airbus,A320 251NSL,Airbus A320 251NSL,0,Air India Express,AXB,10156,2020
801414,VT-IXX,AT76,ATR,72-600,ATR 72-600,0,IndiGo Airlines,IGO,1630,2020
801415,VT-IXW,AT76,ATR,72-600,ATR 72-600,0,IndiGo Airlines,IGO,1573,2020
801418,VT-GSS,E145,Embraer,ERJ-145LR,Embraer ERJ-145LR,0,Star Air,SDG,14501024,2008
80141E,VT-TQC,A20N,Airbus,A320 251NSL,Airbus A320 251NSL,0,Air India,AIC,10274,2020
801420,VT-TYA,A20N,Airbus,A320 251NSL,Airbus A320 251NSL,0,Air India,AIC,10277,2020
801424,VT-TQF,A20N,Airbus,A320-251N,Airbus A320-251N,0,Air India,AIC,10536,2021
801425,VT-CMR,E35L,Embraer,Legacy 600,Embraer Legacy 600,1,Private,,14501094,2009
801427,VT-ILO,A21N,Airbus,A321-252NX,Airbus A321-252NX,0,IndiGo Airlines,IGO,10244,2021
801428,VT-ILQ,A21N,Airbus,A321-252NX,Airbus A321-252NX,0,IndiGo Airlines,IGO,10381,2021
80142A,VT-ILL,A21N,Airbus,A321-252NX,Airbus A321-252NX,0,IndiGo Airlines,IGO,10438,2021
80142B,VT-ILE,A21N,Airbus,A321-252NX,Airbus A321-252NX,0,IndiGo Airlines,IGO,10585,2021
80142C,VT-RIM,GLF5,Gulfstream,GV-SP (G550),Gulfstream GV-SP (G550),1,Private,,5628,
80142E,VT-HVV,FA8X,Dassault,Falcon 8X,Dassault Falcon 8X,1,Private,,432,
801431,VT-ISV,A20N,Airbus,A320-251N,Airbus A320-251N,0,IndiGo Airlines,IGO,10559,2021
801432,VT-IST,A20N,Airbus,A320-251N,Airbus A320-251N,0,IndiGo Airlines,IGO,10444,2021
801433,VT-JOE,GLEX,Bombardier,Global 6000,Bombardier Global 6000,1,Private,,9680,
801434,VT-ISU,A20N,Airbus,A320-251N,Airbus A320-251N,0,IndiGo Airlines,IGO,10503,2021
801435,VT-ATH,A20N,Airbus,A320-251N,Airbus A320-251N,0,Air India Express,AXB,10415,2021
801436,VT-WJU,A20N,Airbus,A320-271N,Airbus A320-271N,0,GoAir,GOW,9467,2020
801437,VT-WJV,A20N,Airbus,A320-271N,Airbus A320-271N,0,Go Air,GOW,10011,2020
801439,VT-TQE,A20N,Airbus,A320-251N,Airbus A320-251N,0,Air India,AIC,10464,2021
80143A,VT-TVC,A21N,Airbus,A321-251NX,Airbus A321-251NX,0,Air India,AIC,10395,2021
801441,VT-TYB,A20N,Airbus,A320-251N,Airbus A320-251N,0,Air India,AIC,10433,2021
801442,VT-ILP,A21N,Airbus,A321-251NX,Airbus A321-251NX,0,IndiGo Airlines,IGO,10289,2021
801444,VT-ATJ,A20N,Airbus,A320-251N,Airbus A320-251N,0,Air India Express,AXB,10520,2021
801445,VT-ILR,A21N,Airbus,A321-251NX,Airbus A321-251NX,0,IndiGo Airlines,IGO,10551,2021
801446,VT-IYS,AT76,ATR,72-600,ATR 72-600,0,IndiGo Airlines,IGO,1542,2021
801448,LA5021,LCA,Hindustan,LCA Tejas,Hindustan LCA Tejas,0,Indian Air Force,IFC,,
801454,VT-ISX,A20N,Airbus,A320-251N,Airbus A320-251N,0,IndiGo Airlines,IGO,10558,2021
801455,VT-IIA,A20N,Airbus,A320-251N,Airbus A320-251N,0,IndiGo Airlines,IGO,10610,2021
801456,VT-WJW,A20N,Airbus,A320-271N,Airbus A320-271N,0,GoFirst,GOW,9530,2021
801458,VT-ISW,A20N,Airbus,A320-251N,Airbus A320-251N,0,IndiGo Airlines,IGO,10556,2021
80145A,VT-TQH,A20N,Airbus,A320-251N,Airbus A320-251N,0,Air India,AIC,10576,2021
80145B,VT-ILS,A21N,Airbus,A321-252NX,Airbus A321-252NX,0,IndiGo Airlines,IGO,10445,2021
80145C,VT-IIB,A20N,Airbus,A320-251N,Airbus A320-251N,0,IndiGo Airlines,IGO,10579,2021
80145D,VT-IID,A20N,Airbus,A320-251N,Airbus A320-251N,0,IndiGo Airlines,IGO,10876,2021
80145E,VT-IIE,A20N,Airbus,A320-251N,Airbus A320-251N,0,IndiGo Airlines,IGO,10581,2021
80145F,VT-IIG,A20N,Airbus,A320-251N,Airbus A320-251N,0,IndiGo Airlines,IGO,10602,2021
801460,VT-ISY,A20N,Airbus,A320-251N,Airbus A320-251N,0,IndiGo Airlines,IGO,10586,2021
801461,VT-ILT,A21N,Airbus,A321-252NX,Airbus A321-252NX,0,IndiGo Airlines,IGO,10205,2021
801462,VT-ISZ,A21N,Airbus,A320-251N,Airbus A320-251N,0,IndiGo Airlines,IGO,10420,2022
801464,VT-TVD,A21N,Airbus,A321-251NX,Airbus A321-251NX,0,Air India,AIC,10377,2021
801465,VT-IXY,AT76,ATR,72-600,ATR 72-600,0,IndiGo Airlines,IGO,1561,2020
801466,VT-POP,H25B,Hawker,800XPi,Hawker 800XPi,1,Private,,258786,
80146C,VT-WJX,A20N,Airbus,A320-271N,Airbus A320-271N,0,Go Air,GOW,9542,2021
80146D,VT-IXZ,AT76,ATR,72-600,ATR 72-600,0,IndiGo Airlines,IGO,1600,2021
80146E,VT-IRA,AT76,ATR,72-600,ATR 72-600,0,IndiGo Airlines,IGO,1623,2020
80146F,VT-ILU,A21N,Airbus,A321-252NX,Airbus A321-252NX,0,IndiGo Airlines,IGO,10699,2021
801470,VT-IIF,A20N,Airbus,A320-251N,Airbus A320-251N,0,IndiGo Airlines,IGO,10592,2021
801473,VT-WJZ,A20N,Airbus,A320-271N,Airbus A320-271N,0,GoAir,GOW,9597,2021
80148D,VT-ILY,A21N,Airbus,A321-252NX,Airbus A321-252NX,0,IndiGo Airlines,IGO,10490,2021
80148E,VT-IIJ,A20N,Airbus,A320-251N,Airbus A320-251N,0,IndiGo Airlines,IGO,10625,2021
80148F,VT-IIH,A20N,Airbus,A320-251N,Airbus A320-251N,0,IndiGo Airlines,IGO,10615,2021
801492,VT-ILV,A21N,Airbus,A321-251NX,Airbus A321-251NX,0,IndiGo Airlines,IGO,10707,2022
801493,VT-TYC,A20N,Airbus,A320-251N,Airbus A320-251N,0,Air India,AIC,10573,2021
801495,VT-TQG,A20N,Airbus,A320-251N,Airbus A320-251N,0,Air India,AIC,10552,2021
801499,VT-IIM,A20N,Airbus,A320-251N,Airbus A320-251N,0,IndiGo Airlines,IGO,10485,2021
80149A,VT-IIK,A20N,Airbus,A320-251N,Airbus A320-251N,0,IndiGo Airlines,IGO,10630,2021
80149B,VT-ILW,A21N,Airbus,A321-251NX,Airbus A321-251NX,0,IndiGo Airlines,IGO,10501,2021
80149C,VT-IIL,A20N,Airbus,A320-251N,Airbus A320-251N,0,IndiGo Airlines,IGO,10646,2021
80149D,VT-IRD,AT76,ATR,72-600,ATR 72-600,0,IndiGo Airlines,IGO,1660,2021
80149E,VT-ILX,A21N,Airbus,A321-252NX,Airbus A321-252NX,0,IndiGo Airlines,IGO,10651,2021
8014A0,VT-NAD,GLEX,Bombardier,Global Express 6500,Bombardier Global Express 6500,1,Private,,60039,2021
8014A1,VT-WJY,A20N,Airbus,A320-271N,Airbus A320-271N,0,Go Air,GOW,9592,2021
8014A3,VT-IMB,A21N,Airbus,A321-251NX,Airbus A321-251NX,0,IndiGo Airlines,IGO,10541,2021
8014A4,VT-ILZ,A21N,Airbus,A321-251NX,Airbus A321-251NX,0,IndiGo Airlines,IGO,10496,2021
8014A5,VT-SRH,GL7T,Bombardier,Global 7500,Bombardier Global 7500,1,Private,,70097,
8014AD,VT-IMC,A21N,Airbus,A321-251NX,Airbus A321-251NX,0,IndiGo Airlines,IGO,10497,2021
8014AE,VT-TZD,A20N,Airbus,A320-251N,Airbus A320-251N,0,Air India,AIC,10726,2021
8014AF,VT-IIO,A20N,Airbus,A320-251N,Airbus A320-251N,0,IndiGo Airlines,IGO,10668,2021
8014B0,VT-IIN,A20N,Airbus,A320-251N,Airbus A320-251N,0,IndiGo Airlines,IGO,10664,2021
8014B2,VT-IIP,A20N,Airbus,A320-251N,Airbus A320-251N,0,IndiGo Airlines,IGO,10689,2021
8014B3,VT-IME,A21N,Airbus,A321-252NX,Airbus A321-252NX,0,IndiGo Airlines,IGO,10654,2021
8014B4,VT-IMD,A21N,Airbus,A321-251NX,Airbus A321-251NX,0,IndiGo Airlines,IGO,10718,2022
8014B9,VT-AGL,GLEX,Bombardier,Global 6500,Bombardier Global 6500,1,Private,,60053,2021
8014BB,VT-IMH,A21N,Airbus,A320-251NX,Airbus A320-251NX,0,IndiGo Airlines,IGO,10759,2022
8014BC,VT-IIR,A20N,Airbus,A320-251N,Airbus A320-251N,0,IndiGo Airlines,IGO,10746,2021
8014BD,VT-IIQ,A20N,Airbus,A320-251N,Airbus A320-251N,0,IndiGo Airlines,IGO,10740,2020
8014C0,VT-IIS,A20N,Airbus,A320-251N,Airbus A320-251N,0,IndiGo Airlines,IGO,10766,2022
8014C1,VT-IMG,A21N,Airbus,A321-251NX,Airbus A321-251NX,0,IndiGo Airlines,IGO,10647,2022
8014C4,VT-TQL,A20N,Airbus,A320-251N,Airbus A320-251N,0,Air India,AIC,10748,2022
8014C8,VT-IMI,A21N,Airbus,A321-251NX,Airbus A321-251NX,0,IndiGo Airlines,IGO,10678,2022
8014CE,VT-IML,A21N,Airbus,A321-251NX,Airbus A321-251NX,0,IndiGo Airlines,IGO,10687,2022
8014CF,VT-IKW,A321,Airbus,A321-211(P2F),Airbus A321-211(P2F),0,IndiGo Airlines,IGO,3267,2007
8014D0,VT-TQK,A20N,Airbus,A320-251N,Airbus A320-251N,0,Air India,AIC,10717,2022
8014D3,VT-IIU,A20N,Airbus,A320-251N,Airbus A320-251N,0,IndiGo Airlines,IGO,10823,2022
8014D6,VT-IIV,A20N,Airbus,A320-251N,Airbus A320-251N,0,IndiGo Airlines,IGO,10829,2022
8014D8,VT-IMJ,A21N,Airbus,A321-252NX,Airbus A321-252NX,0,IndiGo Airlines,IGO,10870,2022
8014D9,VT-IMK,A21N,Airbus,A321-252NX,Airbus A321-252NX,0,IndiGo Airlines,IGO,10681,2022
8014DA,VT-TQI,A20N,Airbus,A320-251N,Airbus A320-251N,0,Air India,AIC,10555,2022
8014DB,VT-TQJ,A20N,Airbus,A320-251N,Airbus A320-251N,0,Air India,AIC,10732,2022
8014DC,VT-IIW,A20N,Airbus,A320-251N,Airbus A320-251N,0,IndiGo Airlines,IGO,10719,2022
8014DD,VT-TVE,A21N,Airbus,A321-251NX,Airbus A321-251NX,0,Air India,AIC,10660,2022
8014DE,VT-IMM,A21N,Airbus,A321-252NX,Airbus A321-252NX,0,IndiGo Airlines,IGO,10733,2022
8014DF,VT-IMR,A21N,Airbus,A321-251NX,Airbus A321-251NX,0,IndiGo Airlines,IGO,10945,2022
8014E3,VT-VRV,LJ45,Learjet,45,Learjet 45,1,Private,,45-281,2005
8014E4,VT-IMN,A21N,Airbus,A321-251NX,Airbus A321-251NX,0,IndiGo Airlines,IGO,10695,2022
8014E5,VT-IMQ,A21N,Airbus,A321-251NX,Airbus A321-251NX,0,IndiGo Airlines,IGO,10865,2022
8014E6,VT-YAA,B38M,Boeing,737 MAX 8,Boeing 737 MAX 8,0,Akasa Air,AKJ,VT-YAA,2019
8014E8,VT-IMS,A21N,Airbus,A321-251NX,Airbus A321-251NX,0,IndiGo Airlines,IGO,10874,2022
8014EB,VT-PNS,A320,Airbus,A320-232(P2F),Airbus A320-232(P2F),0,Pradhaan Air Express,PRX,2737,2006
8014ED,VT-TQM,A20N,Airbus,A320-251N,Airbus A320-251N,0,Air India,AIC,10982,2022
8014F0,VT-SRJ,GLEX,Bombardier,Global 6500,Bombardier Global 6500,1,Private,,60074,
8014F2,VT-YAB,B38M,Boeing,737 MAX 8,Boeing 737 MAX 8,0,Akasa Air,AKJ,62875,2019
8014F3,VT-TYE,A20N,Airbus,A320-251N,Airbus A320-251N,0,Air India,AIC,11006,2022
8014F4,VT-IKX,A321,Airbus,A321-211(P2F),Airbus A321-211(P2F),0,IndiGo Airlines,IGO,3334,2007
8014F7,VT-IIY,A20N,Airbus,A320-251N,Airbus A320-251N,0,IndiGo Airlines,IGO,10957,2022
8014F8,VT-YAC,B38M,Boeing,737 MAX 8,Boeing 737 MAX 8,0,Akasa Air,AKJ,43563,2019
8014FA,VT-IIZ,A20N,Airbus,A320-251N,Airbus A320-251N,0,IndiGo Airlines,IGO,10986,2022
8014FD,VT-YAD,B38M,Boeing,737 MAX 8,Boeing 737 MAX 8,0,Akasa Air,AKJ,60717,2020
8014FE,VT-YAE,B38M,Boeing,737 MAX 8,Boeing 737 MAX 8,0,Akasa Air,AKJ,43922,2019
801501,VT-WDA,A20N,Airbus,A320-271N,Airbus A320-271N,0,Go Air,GOW,11052,2022
801502,VT-IMU,A21N,Airbus,A321-251NX,Airbus A321-251NX,0,IndiGo Airlines,IGO,10886,2022
801503,VT-IPC,A20N,Airbus,A320-271N,Airbus A320-271N,0,IndiGo Airlines,IGO,11008,2022
801504,VT-TEN,E35L,Embraer,ERJ 135BJ Legacy 650,Embraer ERJ 135BJ Legacy 650,1,Private,,14501179,
801506,VT-IIX,A20N,Airbus,A320-251N,Airbus A320-251N,0,IndiGo Airlines,IGO,10885,2022
801508,VT-YAI,B38M,Boeing,737-800,Boeing 737-800,0,Akasa Air,AKJ,61802,2019
801509,VT-YAF,B38M,Boeing,737 MAX 8,Boeing 737 MAX 8,0,Akasa Air,AKJ,43923,2019
801523,VT-IMV,A21N,Airbus,A321-252NX,Airbus A321-252NX,0,IndiGo Airlines,IGO,10896,2022
801524,VT-YAG,B38M,Boeing,737 MAX 8,Boeing 737 MAX 8,0,Akasa Air,AKJ,43924,2019
801526,VT-YAH,B38M,Boeing,737 MAX 8,Boeing 737 MAX 8,0,Akasa Air,AKJ,44866,2019
801527,VT-IPD,A20N,Airbus,A320-251N,Airbus A320-251N,0,IndiGo Airlines,IGO,11031,2022
80152C,VT-IMY,A21N,Airbus,A321-251NX,Airbus A321-251NX,0,IndiGo Airlines,IGO,10890,2022
80152D,VT-IPE,A20N,Airbus,A320-251N,Airbus A320-251N,0,IndiGo Airlines,IGO,11050,2022
80152E,VT-IPG,A20N,Airbus,A320-251N,Airbus A320-251N,0,IndiGo Airlines,IGO,11055,2022
80152F,VT-IPF,A20N,Airbus,A320-251N,Airbus A320-251N,0,IndiGo Airlines,IGO,11045,2022
801530,VT-AAZ,B738,Boeing,737-83N(BCF),Boeing 737-83N(BCF),0,Quikjet Cargo Airlines,FQA,30643,2002
801531,VT-IMW,A21N,Airbus,A321-251NX,Airbus A321-251NX,0,IndiGo Airlines,IGO,10882,2022
801532,VT-IMZ,A21N,Airbus,A321-251NX,Airbus A321-251NX,0,IndiGo Airlines,IGO,11015,2022
801533,VT-ASR,GL7T,Bombardier,Global 7000,Bombardier Global 7000,0,Reliance Commercial Dealers,,,
801534,VT-TQN,A20N,Airbus,A320-251N,Airbus A320-251N,0,Air India,AIC,11097,2022
801536,VT-IPH,A20N,Airbus,A320-251N,Airbus A320-251N,0,IndiGo Airlines,IGO,11099,2022
801538,VT-AEE,B77L,Boeing,777-232LR,Boeing 777-232LR,0,Air India,AIC,29739,2009
801539,VT-YAJ,B38M,Boeing,737 MAX 8,Boeing 737 MAX 8,0,Akasa Air,AKJ,44865,2019
80153A,VT-TSQ,B789,Boeing,787-9 Dreamliner,Boeing 787-9 Dreamliner,0,Air India,AIC,62725,2022
80153B,VT-AEI,B77L,Boeing,777-232(LR),Boeing 777-232(LR),0,Air India,AIC,39254,2009
80153C,VT-AEF,B77L,Boeing,777-232LR,Boeing 777-232LR,0,Air India,AIC,29741,2008
80153D,VT-AEH,B77L,Boeing,777-232LR,Boeing 777-232LR,0,Air India,AIC,39091,2023
80153E,VT-IBB,A21N,Airbus,A321-251NX,Airbus A321-251NX,0,IndiGo Airlines,IGO,10900,2022
80153F,VT-AEG,B77L,Boeing,777-232(LR),Boeing 777-232(LR),0,Air India,AIC,30440,2009
801540,VT-IPI,A20N,Airbus,A320-251N,Airbus A320-251N,0,IndiGo Airlines,IGO,11117,2022
801546,VT-YAK,B38M,Boeing,737 MAX 8,Boeing 737 MAX 8,0,Akasa Air,AKJ,44869,2019
801547,VT-YAL,B38M,Boeing,737 MAX 8,Boeing 737 MAX 8,0,Akasa Air,AKJ,44870,2019
801548,VT-YAM,B38M,Boeing,737 MAX 8,Boeing 737 MAX 8,0,Akasa Air,AKJ,44871,2019
801549,VT-YAO,B38M,Boeing,737 MAX 8,Boeing 737 MAX 8,0,Akasa Air,AKJ,44867,2023
80154A,VT-YAP,B38M,Boeing,737 MAX 8,Boeing 737 MAX 8,0,Akasa Air,AKJ,44872,2019
80154B,VT-IBC,A21N,Airbus,A321-251NX,Airbus A321-251NX,0,IndiGo Airlines,IGO,11025,2022
80154D,VT-IBD,A21N,Airbus,A321-251NX,Airbus A321-251NX,0,IndiGo Airlines,IGO,11065,2022
80154E,VT-BAZ,B738,Boeing,737-85P(BCF),Boeing 737-85P(BCF),0,Quikjet Cargo Airlines,FQA,28382,1999
801551,VT-IBE,A21N,Airbus,A321-251NX,Airbus A321-251NX,0,IndiGo Airlines,IGO,11010,2022
801552,VT-TVF,A21N,Airbus,A321-251NX,Airbus A321-251NX,0,Air India,AIC,11095,2023
801553,VT-TQO,A20N,Airbus,A320-251N,Airbus A320-251N,0,Air India,AIC,11033,2022
801554,VT-IMX,A21N,Airbus,A321-251NX,Airbus A321-251NX,0,IndiGo Airlines,IGO,10909,2022
80155A,VT-IPK,A20N,Airbus,A320-251N,Airbus A320-251N,0,IndiGo Airlines,IGO,11146,2022
80155B,VT-IBF,A21N,Airbus,A321-251NX,Airbus A321-251NX,0,IndiGo Airlines,IGO,10961,2022
80155C,VT-IBH,A21N,Airbus,A321-252NX,Airbus A321-252NX,0,IndiGo Airlines,IGO,11038,2022
80155D,VT-YAQ,B38M,Boeing,737 MAX 8,Boeing 737 MAX 8,0,Akasa Air,AKJ,44874,2019
80155F,VT-TVG,A21N,Airbus,A321-251NX,Airbus A321-251NX,0,Air India,AIC,11138,2023
801560,VT-IPM,A20N,Airbus,A320-251N,Airbus A320-251N,0,IndiGo Airlines,IGO,11197,2022
801562,VT-IPJ,A20N,Airbus,A320-251N,Airbus A320-251N,0,IndiGo Airlines,IGO,11159,2022
801569,VT-IPL,A20N,Airbus,A320-251N,Airbus A320-251N,0,IndiGo Airlines,IGO,11083,2023
80156A,VT-IBJ,A21N,Airbus,A321-251NX,Airbus A321-251NX,0,IndiGo Airlines,IGO,11114,2022
80156C,VT-IPO,A20N,Airbus,A320-251N,Airbus A320-251N,0,IndiGo Airlines,IGO,11224,2022
80156D,VT-IPN,A20N,Airbus,A320-251N,Airbus A320-251N,0,IndiGo Airlines,IGO,11216,2022
80157A,VT-YAS,B38M,Boeing,737 MAX 8,Boeing 737 MAX 8,0,Akasa Air,AKJ,44873,2019
80157C,VT-YAR,B38M,Boeing,737 MAX 8,Boeing 737 MAX 8,0,Akasa Air,AKJ,44868,2019
801581,VT-IPP,A20N,Airbus,A320-251N,Airbus A320-251N,0,IndiGo Airlines,IGO,11287,2023
801584,VT-TYG,A20N,Airbus,A320-251N,Airbus A320-251N,0,Air India,AIC,11315,2023
801587,VT-YAT,B38M,Boeing,737 MAX 8,Boeing 737 MAX 8,0,Akasa Air,AKJ,43579,2019
80158A,VT-IBI,A21N,Airbus,A321-251NX,Airbus A321-251NX,0,IndiGo Airlines,IGO,11101,2023
80158B,VT-TYF,A20N,Airbus,A320-251N,Airbus A320-251N,0,Air India,AIC,11223,2023
80158C,VT-TSP,B789,Boeing,787-9 Dreamliner,Boeing 787-9 Dreamliner,0,Air India,AIC,66531,2023
801590,VT-RTB,A21N,Airbus,A321-251NX,Airbus A321-251NX,0,Air India Express,AXB,11113,2023
801591,VT-RTC,A21N,Airbus,A321-251NX,Airbus A321-251NX,0,Air India Express,AXB,11156,2023
801593,VT-PRI,GL7T,Bombardier,Global 7500,Bombardier Global 7500,1,Private,,70133,2022
801594,VT-RTE,A21N,Airbus,A321-251NX,Airbus A321-251NX,0,Air India Express,AXB,11260,2023
801595,VT-RTD,A21N,Airbus,A321-251NX,Airbus A321-251NX,0,Air India Express,AXB,11183,2023
801596,VT-IPQ,A20N,Airbus,A320-251N,Airbus A320-251N,0,IndiGo Airlines,IGO,11350,2023
801597,VT-TVH,A21N,Airbus,A321-251NX,Airbus A321-251NX,0,Air India,AIC,11297,2023
80159A,VT-IPR,A20N,Airbus,A320-251N,Airbus A320-251N,0,IndiGo Airlines,IGO,11375,2023
80159C,VT-TQP,A20N,Airbus,A320-251N,Airbus A320-251N,0,Air India,AIC,11378,2023
80159D,VT-TQQ,A20N,Airbus,A320-251N,Airbus A320-251N,0,Air India,AIC,11438,2023
80159E,VT-AEO,B77W,Boeing,777-3FX(ER),Boeing 777-3FX(ER),0,Air India,AIC,39688,2012
80159F,VT-AEP,B77W,Boeing,777-3FXER,Boeing 777-3FXER,0,Air India,AIC,39689,2013
8015A0,VT-RFI,SIRA,Tecnam,P-Mentor,Tecnam P-Mentor,0,Redbird Aviation,,,
8015A4,VT-IPS,A20N,Airbus,A320-251N,Airbus A320-251N,0,IndiGo Airlines,IGO,11401,2023
8015A5,VT-AEM,B77W,Boeing,777-3FX(ER),Boeing 777-3FX(ER),0,Air India,AIC,39686,2012
8015A6,VT-AEQ,B77W,Boeing,777-3FX(ER),Boeing 777-3FX(ER),0,Air India,AIC,39690,2013
8015A7,VT-AER,B77W,Boeing,777-3FX(ER),Boeing 777-3FX(ER),0,Air India,AIC,41701,2013
8015A8,VT-AEN,B77W,Boeing,777-3FXER,Boeing 777-3FXER,0,Air India,AIC,39687,2012
8015AB,VT-YAV,B38M,Boeing,737 MAX 8-200,Boeing 737 MAX 8-200,0,Akasa Air,AKJ,63870,2023
8015AD,VT-IBK,A21N,Airbus,A321-251NX,Airbus A321-251NX,0,IndiGo Airlines,IGO,11274,2023
8015B2,VT-IBL,A21N,Airbus,A321-251NX,Airbus A321-251NX,0,IndiGo Airlines,IGO,11321,2023
8015B8,VT-IKK,A320,Airbus,A320-232,Airbus A320-232,0,IndiGo Airlines,IGO,2804,2006
8015BC,VT-IBM,A21N,Airbus,A321-251NX,Airbus A321-251NX,0,IndiGo Airlines,IGO,11334,2023
8015C0,VT-IPT,A20N,Airbus,A320-251N,Airbus A320-251N,0,IndiGo Airlines,IGO,11488,2023
8015C1,VT-TVI,A21N,Airbus,A321-251NX,Airbus A321-251NX,0,Air India,AIC,11325,2023
8015C2,VT-IBO,A21N,Airbus,A321-251NX,Airbus A321-251NX,0,IndiGo Airlines,IGO,11326,2023
8015C3,VT-SSR,E35L,Embraer,EMB-135BJ Legacy 600,Embraer EMB-135BJ Legacy 600,0,SBS Private Jet,,14501038,2008
8015C5,VT-TVJ,A21N,Airbus,A321-251NX,Airbus A321-251NX,0,Air India,AIC,11323,2023
8015C6,VT-IBT,A21N,Airbus,A321-251NX,Airbus A321-251NX,0,IndiGo Airlines,IGO,11364,2023
8015C7,VT-IBN,A21N,Airbus,A321-251NX,Airbus A321-251NX,0,IndiGo Airlines,IGO,11305,2023
8015C9,VT-IBU,A21N,Airbus,A321-252NX,Airbus A321-252NX,0,IndiGo Airlines,IGO,11430,2023
8015CA,VT-IPV,A20N,Airbus,A320-251N,Airbus A320-251N,0,IndiGo Airlines,IGO,11498,2023
8015CB,VT-IBQ,A21N,Airbus,A321-251NX,Airbus A321-251NX,0,IndiGo Airlines,IGO,11385,2023
8015CD,VT-TSO,B789,Boeing,787-9 Dreamliner,Boeing 787-9 Dreamliner,0,Air India,AIC,66530,2021
8015CE,VT-IPW,A20N,Airbus,A320-251N,Airbus A320-251N,0,IndiGo Airlines,IGO,11534,2023
8015D3,VT-IBV,A21N,Airbus,A321-251NX,Airbus A321-251NX,0,IndiGo Airlines,IGO,11400,2023
8015D8,VT-IPX,A20N,Airbus,A320-251N,Airbus A320-251N,0,IndiGo Airlines,IGO,11566,2023
8015D9,VT-IPZ,A20N,Airbus,A320-251N,Airbus A320-251N,0,IndiGo Airlines,IGO,11593,2023
8015DA,VT-IPY,A20N,Airbus,A320-251N,Airbus A320-251N,0,IndiGo Airlines,IGO,11589,2023
8015DB,VT-IBX,A20N,Airbus,A320-251N,Airbus A320-251N,0,IndiGo Airlines,IGO,11447,2023
8015E2,VT-IQE,A20N,Airbus,A320-251N,Airbus A320-251N,0,IndiGo Airlines,IGO,11640,2023
8015E3,VT-IQC,A20N,Airbus,A320-251N,Airbus A320-251N,0,IndiGo Airlines,IGO,11613,2023
8015E4,VT-IQA,A20N,Airbus,A320-251N,Airbus A320-251N,0,IndiGo Airlines,IGO,11602,2023
8015E5,VT-IBY,A21N,Airbus,A321-251NX,Airbus A321-251NX,0,IndiGo Airlines,IGO,11456,2023
8015E6,VT-IBW,A21N,Airbus,A321-251NX,Airbus A321-251NX,0,IndiGo Airlines,IGO,11404,2023
8015E7,VT-IBZ,A21N,Airbus,A321-251NX,Airbus A321-251NX,0,IndiGo Airlines,IGO,11449,2023
8015EE,VT-BXC,B38M,Boeing,737 MAX 8,Boeing 737 MAX 8,0,Air India Express,AXB,61636,2019
8015EF,VT-BXB,B38M,Boeing,737 MAX 8,Boeing 737 MAX 8,0,Air India Express,AXB,61647,2019
8015F0,VT-BXA,B38M,Boeing,737 MAX 8,Boeing 737 MAX 8,0,Air India Express,AXB,61639,2019
8015F3,VT-IQD,A20N,Airbus,A320-251N,Airbus A320-251N,0,IndiGo Airlines,IGO,11628,2023
8015F7,VT-JRA,A359,Airbus,A350-941,Airbus A350-941,0,Air India,AIC,554,2023
8015FC,VT-IPU,A20N,Airbus,A320-251N,Airbus A320-251N,0,IndiGo Airlines,IGO,11485,2023
801600,VT-JRE,A359,Airbus,A350-941,Airbus A350-941,0,Air India,AIC,585,2023
801602,VT-TQR,A20N,Airbus,A320-251N,Airbus A320-251N,0,Air India,AIC,11633,2023
801603,VT-TQS,A20N,Airbus,A320-251N,Airbus A320-251N,0,Air India,AIC,11667,2023
801604,VT-BXE,B38M,Boeing,737 MAX 8,Boeing 737 MAX 8,0,Air India Express,AXB,61650,2019
801605,VT-BXF,B38M,Boeing,737 MAX 8,Boeing 737 MAX 8,0,Air India Express,AXB,61660,2021
801606,VT-BXG,B38M,Boeing,737 MAX 8,Boeing 737 MAX 8,0,Air India Express,AXB,61655,2021
801607,VT-BXD,B38M,Boeing,737 MAX 8,Boeing 737 MAX 8,0,Air India Express,AXB,61658,2021
801608,VT-ICN,A21N,Airbus,A321-251NX,Airbus A321-251NX,0,IndiGo Airlines,IGO,11463,2023
80160A,VT-IQF,A20N,Airbus,A320-251N,Airbus A320-251N,0,IndiGo Airlines,IGO,11431,2023
80160B,VT-IQG,A20N,Airbus,A320-251N,Airbus A320-251N,0,IndiGo Airlines,IGO,11703,2023
80160D,VT-RTF,A20N,Airbus,A320-251N,Airbus A320-251N,0,Air India Express,AXB,11705,2023
80160E,VT-IQH,A20N,Airbus,A320-251N,Airbus A320-251N,0,IndiGo Airlines,IGO,11697,2023
80160F,VT-ICO,A21N,Airbus,A321-251NX,Airbus A321-251NX,0,IndiGo Airlines,IGO,11415,2023
801611,VT-IKY,A321,Airbus,A321-211(P2F),Airbus A321-211(P2F),0,IndiGo Airlines,IGO,3930,2009
801612,VT-JRB,A359,Airbus,A350-941,Airbus A350-941,0,Air India,AIC,558,2023
801613,VT-RTQ,A20N,Airbus,A320-251N,Airbus A320-251N,0,Air India Express,AXB,11764,2023
801615,VT-RTO,A20N,Airbus,A320-251N,Airbus A320-251N,0,Air India Express,AXB,11754,2023
801616,VT-IQI,A20N,Airbus,A320-251N,Airbus A320-251N,0,IndiGo Airlines,IGO,11501,2023
801619,VT-IQJ,A20N,Airbus,A320-251N,Airbus A320-251N,0,IndiGo Airlines,IGO,11471,2023
80161A,VT-IQK,A20N,Airbus,A320-251N,Airbus A320-251N,0,IndiGo Airlines,IGO,11793,2023
80161C,VT-RTP,A20N,Airbus,A320-251N,Airbus A320-251N,0,Air India Express,AXB,11777,2023
80161D,VT-YAW,B38M,Boeing,737 MAX 8,Boeing 737 MAX 8,0,Akasa Air,AKJ,66149,2022
80161E,VT-YAU,B38M,Boeing,737 MAX 8,Boeing 737 MAX 8,0,Akasa Air,AKJ,66148,2021
801621,VT-IQM,A20N,Airbus,A320-251N,Airbus A320-251N,0,IndiGo Airlines,IGO,11625,2023
801622,VT-IQO,A20N,Airbus,A320-251N,Airbus A320-251N,0,IndiGo Airlines,IGO,11826,2023
801623,VT-BXH,B38M,Boeing,737 MAX 8,Boeing 737 MAX 8,0,Air India Express,AXB,60914,2019
801625,VT-RTT,A20N,Airbus,A320-251N,Airbus A320-251N,0,Air India,AIC,11774,2023
801626,VT-RTH,A20N,Airbus,A320-251N,Airbus A320-251N,0,Air India Express,AXB,11779,2023
801627,VT-RTG,A20N,Airbus,A320-251N,Airbus A320-251N,0,Air India Express,AXB,11780,2023
801628,VT-TUS,GLEX,Bombardier,Global Express XRS,Bombardier Global Express XRS,1,Private,,9309,2008
80162C,VT-BXI,B38M,Boeing,737 MAX 8,Boeing 737 MAX 8,0,Air India Express,AXB,61409,2019
80162D,VT-BXJ,B38M,Boeing,737 MAX 8,Boeing 737 MAX 8,0,Air India Express,AXB,61411,2019
80162E,VT-TQT,A20N,Airbus,A320-251N,Airbus A320-251N,0,Air India,AIC,11811,2023
80162F,VT-TQU,A20N,Airbus,A320-251N,Airbus A320-251N,0,Air India,AIC,11770,2023
801632,VT-YBA,B38M,Boeing,737 MAX 8,Boeing 737 MAX 8,0,Akasa Air,AKJ,61289,2022
801633,VT-YAX,B38M,Boeing,737 MAX 8,Boeing 737 MAX 8,0,Akasa Air,AKJ,61288,2022
801638,VT-RTI,A20N,Airbus,A320-251N,Airbus A320-251N,0,Air India Express,AXB,11844,2023
80163C,VT-IQL,A20N,Airbus,A320-251N,Airbus A320-251N,0,IndiGo Airlines,IGO,11571,2023
80163D,VT-IQN,A20N,Airbus,A320-251N,Airbus A320-251N,0,IndiGo Airlines,IGO,11592,2023
80163F,VT-TQV,A20N,Airbus,A320-251N,Airbus A320-251N,0,Air India,AIC,11854,2024
801640,VT-RTU,A20N,Airbus,A320-251N,Airbus A320-251N,0,Air India,AIC,11844,2024
801641,VT-BXQ,B38M,Boeing,737 MAX 8,Boeing 737 MAX 8,0,Air India Express,AXB,61145,2019
801642,VT-BXR,B38M,Boeing,737 MAX 8,Boeing 737 MAX 8,0,Air India Express,AXB,61146,2019
801643,VT-BXK,B38M,Boeing,737 MAX 8,Boeing 737 MAX 8,0,Air India Express,AXB,60915,2019
801645,VT-RTJ,A20N,Airbus,A320-251N,Airbus A320-251N,0,Air India,AIC,11907,2024
801647,VT-IQP,A20N,Airbus,A320-251N,Airbus A320-251N,0,IndiGo Airlines,IGO,11855,2023
801648,VT-IQQ,A20N,Airbus,A320-251N,Airbus A320-251N,0,IndiGo Airlines,IGO,11893,2024
80164B,VT-IQX,A20N,Airbus,A320-251N,Airbus A320-251N,0,IndiGo Airlines,IGO,11948,2024
80164C,VT-IQS,A20N,Airbus,A320-251N,Airbus A320-251N,0,IndiGo Airlines,IGO,11923,2024
80164E,VT-RTW,A20N,Airbus,A320-251N,Airbus A320-251N,0,Air India,AIC,11933,2024
80164F,VT-RTV,A20N,Airbus,A320-251N,Airbus A320-251N,0,Air India,AIC,11927,2024
801650,VT-BXS,B38M,Boeing,737 MAX 8,Boeing 737 MAX 8,0,Air India Express,AXB,61148,2019
801657,VT-RTK,A20N,Airbus,A320-251N,Airbus A320-251N,0,Air India,AIC,11972,2024
801659,VT-JRF,A359,Airbus,A350-941,Airbus A350-941,0,Air India,AIC,589,2023
80165A,VT-RTX,A20N,Airbus,A320-251N,Airbus A320-251N,0,Air India,AIC,11940,2024
80165B,VT-JST,CL35,Bombardier,BD-100 Challenger 350,Bombardier BD-100 Challenger 350,1,Private,,20989,2024
80165C,VT-BXN,B38M,Boeing,737 MAX 8,Boeing 737 MAX 8,0,Air India Express,AXB,60917,2019
80165D,VT-BXO,B38M,Boeing,737 MAX 8,Boeing 737 MAX 8,0,Air India Express,AXB,60918,2019
80165E,VT-BXL,B38M,Boeing,737 MAX 8,Boeing 737 MAX 8,0,Air India Express,AXB,61662,2022
80165F,VT-NSG,E35L,Embraer,Legacy 600,Embraer Legacy 600,0,VSR Aviation,,14500990,2007
801661,VT-IQV,A20N,Airbus,A320-251N,Airbus A320-251N,0,IndiGo Airlines,IGO,11959,2024
801663,VT-IQU,A20N,Airbus,A320-251N,Airbus A320-251N,0,IndiGo Airlines,IGO,11967,2024
801665,VT-JRI,A359,Airbus,A350-941,Airbus A350-941,0,Air India,AIC,594,2023
801666,VT-JRH,A359,Airbus,A350-941,Airbus A350-941,0,Air India,AIC,592,2023
801667,VT-RTS,A20N,Airbus,A320-251N,Airbus A320-251N,0,Air India,AIC,11985,2024
801669,VT-IQT,A20N,Airbus,A320-251N,Airbus A320-251N,0,IndiGo Airlines,IGO,11936,2024
80166A,VT-YBB,B38M,Boeing,737 MAX 8-200,Boeing 737 MAX 8-200,0,Akasa Air,AKJ,,2024
80166C,VT-TSN,B789,Boeing,787-9 Dreamliner,Boeing 787-9 Dreamliner,0,Air India,AIC,66529,2020
80166D,VT-BXP,B38M,Boeing,737 MAX 8,Boeing 737 MAX 8,0,Air India Express,AXB,60920,2019
801670,VT-BXM,B38M,Boeing,737 MAX 8,Boeing 737 MAX 8,0,Air India Express,AXB,60916,2019
801671,VT-RTL,A20N,Airbus,A320-251N,Airbus A320-251N,0,Air India,AIC,11963,2024
801672,VT-TQW,A20N,Airbus,A320-251N,Airbus A320-251N,0,Air India,AIC,11979,2024
801673,VT-BXZ,B38M,Boeing,737 MAX 8,Boeing 737 MAX 8,0,Air India Express,AXB,60913,2019
801674,VT-RTM,A20N,Airbus,A320-251N,Airbus A320-251N,0,Air India,AIC,12023,2024
80167B,VT-TQX,A20N,Airbus,A320-251N,Airbus A320-251N,0,Air India,AIC,12018,2024
80167C,VT-BXT,B38M,Boeing,737 MAX 8,Boeing 737 MAX 8,0,Air India Express,AXB,61450,2019
80167D,VT-BXU,B38M,Boeing,737 MAX 8,Boeing 737 MAX 8,0,Air India Express,AXB,61451,2019
80167E,VT-RTY,A20N,Airbus,A320-251N,Airbus A320-251N,0,Air India,AIC,12016,2024
80167F,VT-RTZ,A20N,Airbus,A320-251N,Airbus A320-251N,0,Air India,AIC,12034,2024
801680,VT-BXV,B38M,Boeing,737 MAX 8,Boeing 737 MAX 8,0,Air India Express,AXB,61453,2019
801681,VT-BXY,B38M,Boeing,737 MAX 8,Boeing 737 MAX 8,0,Air India Express,AXB,60910,2019
801683,VT-BXW,B38M,Boeing,737 MAX 8,Boeing 737 MAX 8,0,Air India Express,AXB,61452,2019
801685,VT-BWB,B38M,Boeing,737 MAX 8,Boeing 737 MAX 8,0,Air India Express,AXB,43832,2019
801686,VT-BWA,B38M,Boeing,737 MAX 8,Boeing 737 MAX 8,0,Air India Express,AXB,42961,2019
801689,VT-BWD,B38M,Boeing,737 MAX 8,Boeing 737 MAX 8,0,Air India Express,AXB,61143,2019
80168A,VT-BXX,B38M,Boeing,737 MAX 8,Boeing 737 MAX 8,0,Air India Express,AXB,61454,2019
80168C,VT-IQW,A20N,Airbus,A320-251N,Airbus A320-251N,0,IndiGo Airlines,IGO,12058,2024
801697,VT-BWE,B38M,Boeing,737 MAX 8,Boeing 737 MAX 8,0,Air India Express,AXB,43835,2019
801698,VT-BWR,B38M,Boeing,737 MAX 8,Boeing 737 MAX 8,0,Air India Express,AXB,43834,2019
801699,VT-BWC,B38M,Boeing,737 MAX 8,Boeing 737 MAX 8,0,Air India Express,AXB,61144,2019
80169C,VT-IXA,A20N,Airbus,A320-251N,Airbus A320-251N,0,IndiGo Airlines,IGO,12097,2024
80169D,VT-ICP,A21N,Airbus,A321-251NX,Airbus A321-251NX,0,IndiGo Airlines,IGO,11845,2024
80169E,VT-YBC,B38M,Boeing,737 MAX 8-200,Boeing 737 MAX 8-200,0,Akasa Air,AKJ,,2024
80169F,VT-AKV,B39M,Boeing,737 MAX 9 BBJ,Boeing 737 MAX 9 BBJ,0,Reliance Industries,,65334,2022
8016A1,VT-YBD,B38M,Boeing,737 MAX 8-200,Boeing 737 MAX 8-200,0,Akasa Air,AKJ,,2024
8016A2,VT-YBE,B38M,Boeing,737-8 200,Boeing 737-8 200,0,Akasa Air,AKJ,63874,2025
8016A3,VT-IXD,A20N,Airbus,A320-251N,Airbus A320-251N,0,IndiGo Airlines,IGO,12119,2024
8016A4,VT-ICQ,A21N,Airbus,A321-251NX,Airbus A321-251NX,0,IndiGo Airlines,IGO,11892,2024
8016A5,VT-IXE,A20N,Airbus,A320-251N,Airbus A320-251N,0,IndiGo Airlines,IGO,12130,2024
8016A6,VT-RIO,A20N,Airbus,A320-251N,Airbus A320-251N,0,Air India,AIC,12187,2024
8016A7,VT-RTN,A20N,Airbus,A320-251N,Airbus A320-251N,0,Air India,AIC,12156,2024
8016A9,VT-ICR,A21N,Airbus,A321-251NX,Airbus A321-251NX,0,IndiGo Airlines,IGO,11957,2024
8016AD,VT-BWH,B38M,Boeing,737 MAX 8,Boeing 737 MAX 8,0,Air India Express,AXB,43837,2019
8016AE,VT-BWG,B38M,Boeing,737 MAX 8,Boeing 737 MAX 8,0,Air India Express,AXB,61142,2019
8016AF,VT-BWF,B38M,Boeing,737 MAX 8,Boeing 737 MAX 8,0,Air India Express,AXB,61156,2022
8016B1,VT-ICS,A21N,Airbus,A321-251NX,Airbus A321-251NX,0,IndiGo Airlines,IGO,11981,2024
8016B4,VT-FLX,F2TH,Dassault,Falcon 2000LX,Dassault Falcon 2000LX,0,Empire Aviation San Marino,,188,
8016B6,VT-JSJ,GLEX,Bombardier,BD-700-2A12 Global 7500,Bombardier BD-700-2A12 Global 7500,1,Private,,70188,
8016B7,VT-ICT,A21N,Airbus,A321-251NX,Airbus A321-251NX,0,IndiGo Airlines,IGO,11935,2024
8016B8,VT-ICV,A21N,Airbus,A321-251NX,Airbus A321-251NX,0,IndiGo Airlines,IGO,11958,2024
8016B9,VT-IQZ,A20N,Airbus,A320-251N,Airbus A320-251N,0,IndiGo Airlines,IGO,12041,2024
8016BA,VT-IXF,A20N,Airbus,A320-251N,Airbus A320-251N,0,IndiGo Airlines,IGO,12192,2024
8016BC,VT-ICX,A20N,Airbus,A320-251N,Airbus A320-251N,0,IndiGo Airlines,IGO,12036,2024
8016BE,VT-IXG,A20N,Airbus,A320-251N,Airbus A320-251N,0,IndiGo Airlines,IGO,12214,2024
8016BF,VT-IXH,A20N,Airbus,A320-251N,Airbus A320-251N,0,IndiGo Airlines,IGO,12235,2024
8016C5,VT-IXI,A20N,Airbus,A320-251N,Airbus A320-251N,0,IndiGo Airlines,IGO,12246,2024
8016C6,VT-BWU,B38M,Boeing,737 MAX 8,Boeing 737 MAX 8,0,Air India Express,AXB,43833,2019
8016C7,VT-BWI,B38M,Boeing,737 MAX 8,Boeing 737 MAX 8,0,Air India Express,AXB,61652,2019
8016C8,VT-BWM,B38M,Boeing,737 MAX 8,Boeing 737 MAX 8,0,Air India Express,AXB,61448,2019
8016C9,VT-BWL,B38M,Boeing,737 MAX 8,Boeing 737 MAX 8,0,Air India Express,AXB,63278,2019
8016CA,VT-BWJ,B38M,Boeing,737 MAX 8,Boeing 737 MAX 8,0,Air India Express,AXB,61147,2019
8016CB,VT-BWN,B38M,Boeing,737 MAX 8,Boeing 737 MAX 8,0,Air India Express,AXB,61449,2019
8016CC,VT-BWK,B38M,Boeing,737 MAX 8,Boeing 737 MAX 8,0,Air India Express,AXB,63289,2019
8016CE,VT-IRV,A21N,Airbus,A321-251NX,Airbus A321-251NX,0,IndiGo Airlines,IGO,12088,2024
8016D2,VT-IWN,A21N,Airbus,A321-251NX,Airbus A321-251NX,0,IndiGo Airlines,IGO,12171,2024
8016D4,VT-IAZ,A21N,Airbus,A321-251NX,Airbus A321-251NX,0,IndiGo Airlines,IGO,12062,2024
8016D7,VT-IRW,A21N,Airbus,A321-251NX,Airbus A321-251NX,0,IndiGo Airlines,IGO,12198,2024
8016DA,VT-IXK,A20N,Airbus,A320-251N,Airbus A320-251N,0,IndiGo Airlines,IGO,12268,2024
8016DB,VT-ICB,A21N,Airbus,A321-251NX,Airbus A321-251NX,0,IndiGo Airlines,IGO,11984,2024
8016DD,VT-IRX,A21N,Airbus,A321-251NX,Airbus A321-251NX,0,IndiGo Airlines,IGO,12025,2024
8016DE,VT-IWM,A21N,Airbus,A321-251NX,Airbus A321-251NX,0,IndiGo Airlines,IGO,12152,2024
8016DF,VT-ICC,A21N,Airbus,A321-251NX,Airbus A321-251NX,0,IndiGo Airlines,IGO,12107,2024
8016E0,VT-IXJ,A20N,Airbus,A320-251N,Airbus A320-251N,0,IndiGo Airlines,IGO,12278,2024
8016E1,VT-IXL,A20N,Airbus,A320-251N,Airbus A320-251N,0,IndiGo Airlines,IGO,12293,2024
80171A,VT-IRY,A21N,Airbus,A321-251NX,Airbus A321-251NX,0,IndiGo Airlines,IGO,12046,2024
80171B,VT-ICD,A21N,Airbus,A321-251NX,Airbus A321-251NX,0,IndiGo Airlines,IGO,12118,2024
801726,VT-IXN,A20N,Airbus,A320-251N,Airbus A320-251N,0,IndiGo Airlines,IGO,12321,2024
801729,VT-IXM,A20N,Airbus,A320-251N,Airbus A320-251N,0,IndiGo Airlines,IGO,12026,2024
80172D,VT-IXO,A20N,Airbus,A320-251N,Airbus A320-251N,0,IndiGo Airlines,IGO,12179,2024
80172E,VT-ICI,A21N,Airbus,A321-251NX,Airbus A321-251NX,0,IndiGo Airlines,IGO,12327,2024
80172F,VT-KSE,F900,Dassault,Falcon 900EX,Dassault Falcon 900EX,1,Private,,166,2006
801730,VT-CDC,GLEX,Bombardier,Global 6500,Bombardier Global 6500,1,Private,,60144,
801733,VT-IXP,A20N,Airbus,A320-251N,Airbus A320-251N,0,IndiGo Airlines,IGO,12038,2024
801736,VT-ICW,A21N,Airbus,A321-251NX,Airbus A321-251NX,0,IndiGo Airlines,IGO,11929,2024
80173E,VT-ICM,A21N,Airbus,A321-251NX,Airbus A321-251NX,0,IndiGo Airlines,IGO,12191,2024
801741,VT-ICG,A21N,Airbus,A321-251NX,Airbus A321-251NX,0,IndiGo Airlines,IGO,12091,2024
801742,VT-IWQ,A21N,Airbus,A321-251NX,Airbus A321-251NX,0,IndiGo Airlines,IGO,12245,2024
801744,VT-ICH,A21N,Airbus,A321-251NX,Airbus A321-251NX,0,IndiGo Airlines,IGO,12170,2024
801745,VT-IWS,A21N,Airbus,A321-251NX,Airbus A321-251NX,0,IndiGo Airlines,IGO,12329,2024
801746,VT-ICZ,A21N,Airbus,A321-251NX,Airbus A321-251NX,0,IndiGo Airlines,IGO,12165,2024
801749,VT-ICY,A21N,Airbus,A321-251NX,Airbus A321-251NX,0,IndiGo Airlines,IGO,12232,2024
80174A,VT-IWV,A21N,Airbus,A321-251NX,Airbus A321-251NX,0,IndiGo Airlines,IGO,12143,2024
80174B,VT-NCA,A21N,Airbus,A321-251NX,Airbus A321-251NX,0,IndiGo Airlines,IGO,12373,2024
80174D,VT-IWT,A21N,Airbus,A321-251NX,Airbus A321-251NX,0,IndiGo Airlines,IGO,12358,2024
801759,VT-NCD,A21N,Airbus,A321-251NX,Airbus A321-251NX,0,IndiGo Airlines,IGO,12388,2025
80175E,VT-ALY,FA6X,Dassault,Falcon 6X,Dassault Falcon 6X,1,Private,,2,2021
80175F,VT-NCB,A21N,Airbus,A321-251NX,Airbus A321-251NX,0,IndiGo Airlines,IGO,12339,2025
801767,VT-NCC,A21N,Airbus,A321-251NX,Airbus A321-251NX,0,IndiGo Airlines,IGO,12285,2025
801768,VT-NCF,A21N,Airbus,A321-252NX,Airbus A321-252NX,0,IndiGo Airlines,IGO,12231,2025
801772,VT-NCJ,A21N,Airbus,A321-251NX,Airbus A321-251NX,0,IndiGo Airlines,IGO,12491,2025
801775,VT-NCI,A21N,Airbus,A321-251NX,Airbus A321-251NX,0,IndiGo Airlines,IGO,12444,2025
801778,VT-NCE,A21N,Airbus,A321-251NX,Airbus A321-251NX,0,IndiGo Airlines,IGO,12395,2025
80177B,VT-BWP,B38M,Boeing,737 MAX 8,Boeing 737 MAX 8,0,Air India Express,AXB,63290,2019
80177C,VT-BWT,B38M,Boeing,737 MAX 8,Boeing 737 MAX 8,0,Air India Express,AXB,63287,2019
80177D,VT-NCK,A21N,Airbus,A321-251NX,Airbus A321-251NX,0,IndiGo Airlines,IGO,12464,2025
80177E,VT-NCH,A21N,Airbus,A321-251NX,Airbus A321-251NX,0,IndiGo Airlines,IGO,12429,2025
801783,VT-BWW,B38M,Boeing,737 MAX 8,Boeing 737 MAX 8,0,Air India Express,AXB,63277,2019
801784,VT-BWO,B38M,Boeing,737 MAX 8,Boeing 737 MAX 8,0,Air India Express,AXB,63281,2019
801785,VT-YBG,B38M,Boeing,737-8 200,Boeing 737-8 200,0,Akasa Air,AKJ,63876,2026
801786,VT-YBF,B38M,Boeing,737 MAX 8-200,Boeing 737 MAX 8-200,0,Akasa Air,AKJ,,2025
801788,VT-NCG,A21N,Airbus,A321-251NX,Airbus A321-251NX,0,IndiGo Airlines,IGO,12382,2025
80178D,VT-ZTP,GL5T,Bombardier,Global 5500,Bombardier Global 5500,0,Zest Aviation,,60158,2024
801792,VT-NCM,A21N,Airbus,A321-251NX,Airbus A321-251NX,0,IndiGo Airlines,IGO,12435,2025
801793,VT-NCO,A21N,Airbus,A321-251NX,Airbus A321-251NX,0,IndiGo Airlines,IGO,12530,2025
801798,VT-NCL,A21N,Airbus,A321-251NX,Airbus A321-251NX,0,IndiGo Airlines,IGO,12512,2025
801799,VT-BWX,B38M,Boeing,737 MAX 8,Boeing 737 MAX 8,0,Air India Express,AXB,63284,2019
80179A,VT-BWS,B38M,Boeing,737 MAX 8,Boeing 737 MAX 8,0,Air India Express,AXB,63276,2019
80179B,VT-YBH,B38M,Boeing,737 MAX 8-200,Boeing 737 MAX 8-200,0,Akasa Air,AKJ,63877,2025
8017A0,VT-NCR,A21N,Airbus,A321-251NX,Airbus A321-251NX,0,IndiGo Airlines,IGO,12543,2025
8017A1,VT-BWV,B38M,Boeing,737 MAX 8,Boeing 737 MAX 8,0,Air India Express,AXB,61712,2019
8017A2,VT-BWQ,B38M,Boeing,737 MAX 8,Boeing 737 MAX 8,0,Air India Express,AXB,43836,2019
8017A3,VT-NCW,A21N,Airbus,A321-251NX,Airbus A321-251NX,0,IndiGo Airlines,IGO,12647,2025
8017AB,VT-JSX,CL35,Bombardier,Challenger 350,Bombardier Challenger 350,0,India Fly Safe Aviation,,20588,2015
8017E3,VT-YBI,B38M,Boeing,737-8 200,Boeing 737-8 200,0,Akasa Air,AKJ,67868,2026
8017E4,VT-NCN,A21N,Airbus,A321-251NX,Airbus A321-251NX,0,IndiGo Airlines,IGO,12455,2025
8017E5,VT-NCQ,A21N,Airbus,A321-251NX,Airbus A321-251NX,0,IndiGo Airlines,IGO,12493,2025
8017EE,VT-NCP,A21N,Airbus,A321-251NX,Airbus A321-251NX,0,IndiGo Airlines,IGO,12476,2025
8017F2,VT-NCT,A21N,Airbus,A321-251NX,Airbus A321-251NX,0,IndiGo Airlines,IGO,12609,2025
8017F7,VT-AWA,B789,Boeing,787-9 Dreamliner,Boeing 787-9 Dreamliner,0,Air India,AIC,69263,2026
8017FC,VT-NKR,GLEX,Bombardier,Global 6000,Bombardier Global 6000,1,Private,,9191,2006
8017FF,VT-NCS,A21N,Airbus,A321-251NX,Airbus A321-251NX,0,IndiGo Airlines,IGO,12546,2025
801800,VT-NCX,A21N,Airbus,A321-251NX,Airbus A321-251NX,0,IndiGo Airlines,IGO,12616,2025
801804,VT-NCU,A21N,Airbus,A321-251NX,Airbus A321-251NX,0,IndiGo Airlines,IGO,12623,2025
801805,VT-NCZ,A21N,Airbus,A321-251NX,Airbus A321-251NX,0,IndiGo Airlines,IGO,12680,2025
801806,VT-NHA,A21N,Airbus,A321-251NX,Airbus A321-251NX,0,IndiGo Airlines,IGO,12685,2025
80180B,VT-NHG,A21N,Airbus,A321-251NX,Airbus A321-251NX,0,IndiGo Airlines,IGO,12771,2025
80180C,VT-NCV,A21N,Airbus,A321-251NX,Airbus A321-251NX,0,IndiGo Airlines,IGO,12597,2025
80180E,VT-NHB,A21N,Airbus,A321-251NX,Airbus A321-251NX,0,IndiGo Airlines,IGO,12686,2025
801810,VT-YBK,B38M,Boeing,737-8 200,Boeing 737-8 200,0,Akasa Air,AKJ,67870,2026
801811,VT-YBJ,B38M,Boeing,737-8 200,Boeing 737-8 200,0,Akasa Air,AKJ,67869,2026
801816,VT-NHE,A21N,Airbus,A321-251NX,Airbus A321-251NX,0,IndiGo Airlines,IGO,12716,2025
801819,VT-NHD,A21N,Airbus,A321-251NX,Airbus A321-251NX,0,IndiGo Airlines,IGO,12733,2025
801822,VT-NHC,A21N,Airbus,A321-251NX,Airbus A321-251NX,0,IndiGo Airlines,IGO,12750,2025
801823,VT-NCY,A21N,Airbus,A321-251NX,Airbus A321-251NX,0,IndiGo Airlines,IGO,12626,2025
801824,VT-IKT,A21N,Airbus,A321-251NX,Airbus A321-251NX,0,IndiGo Airlines,IGO,12770,2025
801827,VT-LTS,GA5C,Gulfstream Aerospace,G500,Gulfstream Aerospace G500,0,Larsen & Toubro,,72167,2025
801828,VT-IXT,A20N,Airbus,A320-251N,Airbus A320-251N,0,IndiGo Airlines,IGO,12806,2025
80182A,VT-IKU,A21N,Airbus,A321-251NX,Airbus A321-251NX,0,IndiGo Airlines,IGO,12797,2025
80182D,VT-IOF,A20N,Airbus,A320-251N,Airbus A320-251N,0,IndiGo Airlines,IGO,12861,2025
80182F,VT-NHI,A21N,Airbus,A321-251NX,Airbus A321-251NX,0,IndiGo Airlines,IGO,12749,2025
801830,VT-YBN,B38M,Boeing,737-8 200,Boeing 737-8 200,0,Akasa Air,AKJ,67873,2026
801832,VT-YBM,B38M,Boeing,737-8 200,Boeing 737-8 200,0,Akasa Air,AKJ,67872,2026
801835,VT-YBO,B38M,Boeing,737-8 200,Boeing 737-8 200,0,Akasa Air,AKJ,67874,2026
801839,VT-IOH,A20N,Airbus,A320-251N,Airbus A320-251N,0,IndiGo Airlines,IGO,12869,2025
80183B,VT-NHF,A21N,Airbus,A321-251NX,Airbus A321-251NX,0,IndiGo Airlines,IGO,12705,2025
80183F,VT-IXQ,A20N,Airbus,A320-251N,Airbus A320-251N,0,IndiGo Airlines,IGO,12796,2025
801848,VT-RNT,B38M,Boeing,737 MAX 8,Boeing 737 MAX 8,0,Air India Express,AXB,69283,2025
80184B,VT-NHM,A21N,Airbus,A321-251NX,Airbus A321-251NX,0,IndiGo Airlines,IGO,12879,2025
80184E,VT-NHL,A21N,Airbus,A321-251NX,Airbus A321-251NX,0,IndiGo Airlines,IGO,12785,2025
801850,VT-IOI,A20N,Airbus,A320-251N,Airbus A320-251N,0,IndiGo Airlines,IGO,12968,2025
801851,VT-NHH,A21N,Airbus,A321-251NX,Airbus A321-251NX,0,IndiGo Airlines,IGO,12794,2025
801859,VT-AWB,B789,Boeing,787-9 Dreamliner,Boeing 787-9 Dreamliner,0,Air India,AIC,69264,2026
80185F,VT-NHK,A21N,Airbus,A321-251NX,Airbus A321-251NX,0,IndiGo Airlines,IGO,12801,2025
801860,VT-NHP,A21N,Airbus,A321-251NX,Airbus A321-251NX,0,IndiGo Airlines,IGO,12895,2025
801861,VT-NHJ,A21N,Airbus,A321-251NX,Airbus A321-251NX,0,IndiGo Airlines,IGO,12798,2025
801862,VT-IOK,A20N,Airbus,A320-251N,Airbus A320-251N,0,IndiGo Airlines,IGO,13004,2025
801864,VT-NHQ,A21N,Airbus,A321-251NX,Airbus A321-251NX,0,IndiGo Airlines,IGO,12941,2025
80186E,VT-NHN,A21N,Airbus,A321-251NX,Airbus A321-251NX,0,IndiGo Airlines,IGO,12908,2025
801874,VT-NTA,B38M,Boeing,737 MAX 8,Boeing 737 MAX 8,0,Air India Express,AXB,69285,2026
801877,VT-NTB,B38M,Boeing,737 MAX 8,Boeing 737 MAX 8,0,Air India Express,AXB,69284,2026
801878,VT-NHO,A21N,Airbus,A321-251NX,Airbus A321-251NX,0,IndiGo Airlines,IGO,12890,2025
80187A,VT-NHS,A21N,Airbus,A321-251NX,Airbus A321-251NX,0,IndiGo Airlines,IGO,12938,2026
80187B,VT-NLA,A21N,Airbus,A321-253NY(XLR),Airbus A321-253NY(XLR),0,IndiGo Airlines,IGO,12622,2026
80187C,VT-IOJ,A20N,Airbus,A320-251N,Airbus A320-251N,0,IndiGo Airlines,IGO,13008,2025
80187D,VT-NHR,A21N,Airbus,A321-251NX,Airbus A321-251NX,0,IndiGo Airlines,IGO,12959,2025
801883,VT-IOL,A20N,Airbus,A320-251N,Airbus A320-251N,0,IndiGo Airlines,IGO,13100,2026
80188A,VT-CCA,GLEX,Bombardier,Global 6500,Bombardier Global 6500,1,Private,,60195,2025
80189D,VT-AWC,B789,Boeing,787-9 Dreamliner,Boeing 787-9 Dreamliner,0,Air India,AIC,69265,2026
80189E,VT-IOG,A20N,Airbus,A320-251N,Airbus A320-251N,0,IndiGo Airlines,IGO,12833,2026
8018A8,VT-NHX,A21N,Airbus,A321-251NX,Airbus A321-251NX,0,IndiGo Airlines,IGO,13053,2026
8018B2,VT-IOM,A20N,Airbus,A320-251N,Airbus A320-251N,0,IndiGo Airlines,IGO,13092,2026
8018B7,VT-ION,A20N,Airbus,A320-251N,Airbus A320-251N,0,IndiGo Airlines,IGO,13125,2026
8018B9,VT-NOA,A21N,Airbus,A321-251NX,Airbus A321-251NX,0,IndiGo Airlines,IGO,13139,2026
8018BE,VT-NLB,A21N,Airbus,A321-253NY(XLR),Airbus A321-253NY(XLR),0,IndiGo Airlines,IGO,12926,2026
8018C7,VT-NHT,A21N,Airbus,A321-251NX,Airbus A321-251NX,0,IndiGo Airlines,IGO,13043,2026
8018C8,VT-NHW,A21N,Airbus,A321-251NX,Airbus A321-251NX,0,IndiGo Airlines,IGO,13112,2026
8018C9,VT-NHV,A21N,Airbus,A321-251NX,Airbus A321-251NX,0,IndiGo Airlines,IGO,13130,2026
8018CA,VT-NOB,A21N,Airbus,A321-251NX,Airbus A321-251NX,0,IndiGo Airlines,IGO,13156,2026
8018CF,VT-NOC,A21N,Airbus,A321-251NX,Airbus A321-251NX,0,IndiGo Airlines,IGO,13214,2026
8018DD,VT-NLC,A21N,Airbus,A321-251NX,Airbus A321-251NX,0,IndiGo Airlines,IGO,13018,2026
8018E0,VT-NOG,A21N,Airbus,A321-251NX,Airbus A321-251NX,0,IndiGo Airlines,IGO,13290,2026
8018E1,VT-NOD,A21N,Airbus,A321-251NX,Airbus A321-251NX,0,IndiGo Airlines,IGO,13270,2026
801903,VT-NOF,A21N,Airbus,A321-251NX,Airbus A321-251NX,0,IndiGo Airlines,IGO,13260,2026
801904,VT-NOH,A21N,Airbus,A321-251NX,Airbus A321-251NX,0,IndiGo Airlines,IGO,13223,2026
801907,VT-IOR,A20N,Airbus,A320-251N,Airbus A320-251N,0,IndiGo Airlines,IGO,13284,2026
801908,VT-NOE,A21N,Airbus,A321-251NX,Airbus A321-251NX,0,IndiGo Airlines,IGO,13254,2026
80190B,VT-IOT,A20N,Airbus,A320-251N,Airbus A320-251N,0,IndiGo Airlines,IGO,13321,2026
80190C,VT-IOQ,A20N,Airbus,A320-251N,Airbus A320-251N,0,IndiGo Airlines,IGO,13322,2026
80190F,VT-NOI,A21N,Airbus,A321-251NX,Airbus A321-251NX,0,IndiGo Airlines,IGO,13350,2026
801910,VT-NOL,A21N,Airbus,A321-251NX,Airbus A321-251NX,0,IndiGo Airlines,IGO,13398,2026
